segment_id,start,end,speaker_id,transcript,asr_confidence
0,3.81,29.67,SPEAKER_02,I can leave them on the whole time because it looks like a noodle the whole time.,0.6173
1,33.78,34.32,SPEAKER_02,Okay.,0.782
2,35.31,37.41,SPEAKER_02,Minutes.,0.811
3,37.53,39.48,SPEAKER_02,We decided to use a kinetic charger.,0.8843
4,41.06,45.8,SPEAKER_02,Standard chip because it can come in various different sizes.,0.8734
5,47.09,48.5,SPEAKER_02,going to be a problem factor.,0.5487
6,50.04,51.5,SPEAKER_02,We wanted a standby function.,0.889
7,51.52,55.89,SPEAKER_02,"The case materials can be soft, rubbery, changeable.",0.8259
8,57.53,60.74,SPEAKER_02,"Buttons with a combination of LCD and rubber, according to the design.",0.6836
9,61.76,67.67,SPEAKER_02,"Bright, funky designs inspired by fruit, keeping with the hip kind of feel.",0.8095
10,67.65,75.48,SPEAKER_02,and to try and incorporate voice recognition software into our design until we can find out more about the cost of things like that.,0.7979
11,76.49,81.11,SPEAKER_02,And the rubber buttons that we'll use will be anti-RSI.,0.8637
12,88.67,90.33,SPEAKER_02,Prototype presentation.,0.9245
13,90.89,92.53,SPEAKER_00,Is that for us?,0.788
14,92.67,93.77,SPEAKER_00,I think that would be you.,0.831
15,94.91,99.54,SPEAKER_01,"Me and William worked on a prototype, and I think William is going to make a presentation on that.",0.7861
16,99.56,101.48,SPEAKER_00,"Yeah, shall I show?",0.713
17,102.04,103.44,SPEAKER_00,Do you want to hold it?,0.4662
18,103.7,104.52,SPEAKER_00,I can hold it.,0.814
19,104.82,105.64,SPEAKER_00,Do you want to hold it?,0.5492
20,105.76,108.45,SPEAKER_00,And I'll show you the presentation.,0.5793
21,108.47,109.41,SPEAKER_00,Can I just nick you?,0.3488
22,109.45,110.31,SPEAKER_02,"Yes, yes.",0.542
23,110.39,111.93,SPEAKER_02,I'll get it out.,0.4715
24,114.78,115.06,SPEAKER_00,Whoa.,0.595
25,116.02,117.53,SPEAKER_00,It looks crazy.,0.917
26,117.99,118.47,SPEAKER_00,Crazy.,0.838
27,120.77,121.22,SPEAKER_00,Thank you.,0.8895
28,125.82,133.38,SPEAKER_02,"Oh, where are the hinges?",0.7182
29,138.66,143.59,SPEAKER_00,"OK, so this is our look and feel presentation, our final presentation.",0.7953
30,144.85,149.79,SPEAKER_00,And we'll first look at the exterior of what we've come up with over there.,0.8731
31,151.2,162.91,SPEAKER_00,"It's going to have a plastic body with a sort of standard color, either we're thinking something fairly neutral,",0.8095
32,162.89,165.54,SPEAKER_00,a white or a light blue or something.,0.8514
33,165.6,177.81,SPEAKER_00,"This is underneath the rubberized outer casing, which there'd be sort of a wide choice, they would be attached, but we can't with that.",0.8166
34,180.06,187.25,SPEAKER_00,"The wide choice of colors and sort of patterns, so you've got a lot of customization with it.",0.7256
35,187.22,203.12,SPEAKER_00,It's obviously a sort of clamshell design and the top LCD screen that you can see there would be sort of,0.7384
36,204.2,204.98,SPEAKER_00,How do you say it?,0.5216
37,205.0,206.0,SPEAKER_00,The black and white touchscreen?,0.378
38,206.23,214.86,SPEAKER_00,"Yeah, yeah, it would be sort of inset into the top and the buttons at the bottom would, so fully closed, flat.",0.7392
39,215.02,215.6,SPEAKER_00,"Oh, right.",0.623
40,215.64,216.04,SPEAKER_00,Yeah.,0.646
41,216.24,216.47,SPEAKER_00,Yeah.,0.649
42,217.97,226.24,SPEAKER_00,"And working on the inside, we've already decided on the kinetic batteries, which",0.8373
43,226.22,233.7,SPEAKER_00,"Actually thinking about it now, you could also probably attach to the flipping open and shut as well, so that you could probably get a bit of it.",0.744
44,233.72,239.02,SPEAKER_02,"So put it in the top section rather than the bottom section, because it's the top.",0.4357
45,239.96,252.42,SPEAKER_00,"We decided that the voice recognition system, it did actually say on the email that they were sort of coming in and they were fairly easy to get hold of, so we presumed that they'd also be quite cheap.",0.8372
46,252.8,256.55,SPEAKER_00,"So you'd have something like, you'd shout out, where is the remote?",0.8543
47,257.55,261.28,SPEAKER_00,"And it'll shout back, I'm here or something.",0.8942
48,263.15,265.93,SPEAKER_00,"And then, yeah.",0.7713
49,267.37,269.38,SPEAKER_00,It won't shout out I'm here or something.,0.7086
50,269.68,271.12,SPEAKER_00,It'll just shout out I'm here.,0.6605
51,272.24,274.8,SPEAKER_00,Or something too similar effect.,0.7056
52,275.48,280.81,SPEAKER_00,"Yeah, if it was getting that, well, that could be something for next time, maybe.",0.787
53,281.65,283.9,SPEAKER_00,You can have a remote that tells you exactly where it is.,0.8107
54,285.3,291.57,SPEAKER_00,The standard transmission with the TV using all the standard chips that we've talked about.,0.8446
55,291.55,303.28,SPEAKER_00,"It would have, obviously because it's split over two different layers, it would need two separate PCBs that would be joined at the hinge through some sort of cabling.",0.7658
56,304.86,319.8,SPEAKER_00,"And because obviously all TVs use this, the same infrared medium would just be using the same thing to transmit the data and the infrared",0.813
57,319.78,329.67,SPEAKER_00,"sender would be on one of the bottom layer, just at the front of the, I don't think we actually put it on.",0.7706
58,330.87,334.23,SPEAKER_01,"Yeah, yeah, someone like that.",0.5354
59,334.29,336.52,SPEAKER_00,"Yeah, on the front, on the front side of that, yeah.",0.7589
60,336.68,343.85,SPEAKER_00,"So when you've actually got it open, it would be facing the TV.",0.6304
61,343.82,359.29,SPEAKER_00,"And then finally, on the interface, the top screen, as we said, would be an inset black and white LCD touch screen.",0.8329
62,359.27,380.53,SPEAKER_00,"have all of the available functions for the remote on it, whereas the bottom screen would just contain the standard buttons like the volume up and down, channel up and down, power on and off, and things to that effect.",0.8666
63,380.51,397.69,SPEAKER_00,"And now, we also decided on the inside, we could possibly either have some kind of sort of bezled logo on it, or something inset, or maybe an engraving of the logo on the top.",0.848
64,399.11,402.44,SPEAKER_00,"But not interfering with the outside, cannot look at the product.",0.2195
65,402.46,407.68,SPEAKER_00,"No, not interfering with the whole look of the product when it's...",0.8238
66,407.66,418.08,SPEAKER_00,out on the thing and finally that's how we put the fashion back into electronics as that is the company logo.,0.7946
67,419.4,431.44,SPEAKER_02,I've now got evaluation criteria.,0.904
68,446.22,452.21,SPEAKER_01,I think this is a good shape.,0.7914
69,452.23,454.15,SPEAKER_02,"It's quite similar to what it was before, though.",0.8558
70,456.04,468.67,SPEAKER_03,This stage of the evaluation is really for us as a team to evaluate if we have now got a product specification and prototype design that meets the criteria that we got from our market research.,0.9046
71,469.81,472.42,SPEAKER_03,So this is the first stage of the evaluation.,0.8652
72,472.4,481.24,SPEAKER_03,Now the collection of the criteria as we saw in our previous meeting was based on the user requirements and trends found in the marketing reports and marketing strategy of our company.,0.8809
73,481.62,483.18,SPEAKER_03,So it's what we've discussed in the last meeting.,0.7964
74,483.4,486.27,SPEAKER_03,Are we actually meeting those trends and requirements?,0.907
75,488.34,491.13,SPEAKER_03,Now the findings that we came up with just a recap are here.,0.859
76,491.17,508.31,SPEAKER_03,"The criteria that we want in this remote control are a fancy looking feel, technological innovation, it should be easy to use, it should incorporate current fashion trends and those the two main ones are with a spongy texture and the fruit and vegetable strong design colours.",0.8261
77,508.29,517.81,SPEAKER_03,The design should minimise RSI and be easy to locate and we were still slightly ambivalent as to whether to use voice recognition there.,0.878
78,517.83,523.38,SPEAKER_03,"That did seem to be the favourite strategy, but there was also on the sideline the thought of maybe having a beeper function.",0.8638
79,525.01,528.62,SPEAKER_03,"Okay, so we can come back to that slide if you don't have a note of those.",0.8751
80,528.86,533.73,SPEAKER_03,"I'll just show you how we're going to evaluate our own feedback to this, to what we have so far.",0.7895
81,534.71,539.01,SPEAKER_03,We're going to use a seven-point scale where one is true and seven is false.,0.8208
82,539.17,541.56,SPEAKER_03,We'll look at each of those criteria that I've just mentioned.,0.85
83,541.58,542.88,SPEAKER_03,I'll call that slide back up.,0.8245
84,543.5,548.15,SPEAKER_03,And I will just do a preliminary rating of all those criteria on the whiteboard here.,0.8324
85,549.03,549.85,SPEAKER_03,Does that seem clear?,0.8645
86,549.95,552.24,SPEAKER_03,Any questions there?,0.8293
87,552.22,553.4,SPEAKER_03,So we're going to look at these.,0.7884
88,553.44,555.3,SPEAKER_01,Is it everybody's going to evaluate or just the model?,0.3656
89,555.32,555.72,SPEAKER_03,Yes.,0.92
90,556.16,561.73,SPEAKER_03,"We're going to come to, we'll discuss each one and we'll come to our consensus rating between one and seven.",0.8025
91,562.57,562.95,SPEAKER_03,Okay.,0.674
92,563.17,564.73,SPEAKER_03,"One is true, seven is false.",0.778
93,567.27,567.59,SPEAKER_03,Right.,0.714
94,569.39,570.92,SPEAKER_03,So I won't write all of that out again.,0.7566
95,570.98,577.21,SPEAKER_03,"It will just be criteria one, two, three, four, five, six, or A, B, C, D, E, F to confuse it with the number rating.",0.8375
96,577.75,579.17,SPEAKER_03,"B, C, D, E, F.",0.8574
97,580.73,583.0,SPEAKER_03,This is where I realized how tiny I actually am.,0.7274
98,584.46,585.34,SPEAKER_03,"Just right, Smalley.",0.6573
99,586.4,587.1,SPEAKER_03,Criteria.,0.931
100,591.21,592.07,SPEAKER_03,And rating.,0.869
101,595.9,600.26,SPEAKER_03,"Actually, it might be an idea if we each did give our own individual rating and we could take an average at the end.",0.8617
102,600.3,600.86,SPEAKER_03,How about that?,0.8617
103,600.92,602.85,SPEAKER_03,"Yeah, so you can...",0.3612
104,602.87,607.96,SPEAKER_03,"So I'll just separate the ratings by your bleaks and if we go one, two, three, four, we know who's who.",0.9043
105,608.4,608.5,SPEAKER_00,Yeah.,0.2
106,616.02,621.07,SPEAKER_03,"Okay, criteria A, the fancy look and feel.",0.8286
107,621.57,626.65,SPEAKER_03,"How do we feel about this prototype model relating to fancy, it is a fancy look and feel.",0.8982
108,626.82,628.46,SPEAKER_03,"One is true, seven is false.",0.8355
109,628.94,631.4,SPEAKER_03,My own rating for that would be a two.,0.9384
110,632.64,633.99,SPEAKER_03,One is true and seven is false.,0.7977
111,637.19,637.65,SPEAKER_02,I would agree.,0.3003
112,638.77,642.3,SPEAKER_00,"Yeah, I'd probably put it.",0.5336
113,642.95,645.48,SPEAKER_00,"Two, yeah, two or three?",0.8298
114,645.78,646.74,SPEAKER_00,"No, three, three.",0.8153
115,647.0,647.26,SPEAKER_03,Okay.,0.606
116,649.58,650.66,SPEAKER_03,I would say two.,0.3758
117,653.23,653.47,SPEAKER_01,Two.,0.485
118,653.49,654.61,SPEAKER_03,I would say four.,0.5697
119,654.97,655.39,SPEAKER_03,"Four, okay.",0.5795
120,656.13,656.85,SPEAKER_03,I think those up.,0.714
121,656.93,661.06,SPEAKER_03,"We've got six and a five, 11 divided by four is what?",0.9179
122,662.32,663.12,SPEAKER_03,Two and three quarters?,0.3515
123,663.26,663.42,SPEAKER_01,Yeah.,0.221
124,663.46,666.26,SPEAKER_03,Two and three quarters?,0.5395
125,667.65,668.19,SPEAKER_01,I think yeah.,0.7283
126,668.55,669.55,SPEAKER_01,"Yeah, yeah.",0.4835
127,669.57,669.87,SPEAKER_03,Okay.,0.503
128,671.91,673.47,SPEAKER_03,"2.75, there we go.",0.7095
129,674.81,675.21,SPEAKER_03,Okay.,0.658
130,675.23,680.92,SPEAKER_03,"Criteria B, Criterion B. Technologically innovative.",0.8983
131,680.94,683.21,SPEAKER_03,I would give that A3.,0.8762
132,686.55,687.03,SPEAKER_00,I'd give it a 1.,0.5992
133,687.17,687.35,SPEAKER_00,Okay.,0.421
134,689.01,690.8,SPEAKER_03,Not that you're biased.,0.806
135,690.82,691.76,SPEAKER_00,"No, no, not at all.",0.371
136,692.16,692.72,SPEAKER_03,The designer.,0.7475
137,696.15,696.57,SPEAKER_03,A 2.,0.7225
138,698.84,699.76,SPEAKER_01,"Oh, sorry.",0.792
139,699.82,700.42,SPEAKER_01,I got it wrong.,0.8248
140,701.33,702.55,SPEAKER_01,"The first one rating, I'm sorry.",0.7303
141,703.03,704.19,SPEAKER_01,Can you just make it two?,0.653
142,705.37,705.87,SPEAKER_01,The average?,0.786
143,706.45,707.59,SPEAKER_01,"Yeah, I just thought it the other way.",0.3545
144,707.61,709.29,SPEAKER_03,You want your rating to be a two?,0.4685
145,710.43,711.18,SPEAKER_03,Is that what you're saying?,0.7196
146,711.24,715.06,SPEAKER_01,"Yeah, I just got it.",0.4794
147,715.08,716.68,SPEAKER_03,So I'll work out the average for that again at the end.,0.6717
148,716.7,717.98,SPEAKER_03,It's a very slightly altered.,0.6786
149,719.73,722.01,SPEAKER_03,OK. And we're just waiting for your rating.,0.661
150,722.05,723.41,SPEAKER_03,2.5 for that one.,0.7368
151,723.43,724.09,SPEAKER_03,"2.5, OK.",0.7425
152,727.53,730.49,SPEAKER_03,"Losing one decimal, please.",0.7915
153,731.13,734.08,SPEAKER_03,"So you're rating for this one path two, okay.",0.8077
154,735.92,739.08,SPEAKER_03,"So that is eight, that brings it down to two, nice and simple.",0.7648
155,739.64,739.92,SPEAKER_03,Yeah.,0.603
156,741.66,748.35,SPEAKER_03,"Okay, ease of use, easy to use based on what you've said there, I would say one.",0.7877
157,749.21,749.45,SPEAKER_03,True.,0.842
158,753.15,754.3,SPEAKER_00,Two.,0.682
159,758.51,759.85,SPEAKER_02,I would say a two.,0.6636
160,760.41,764.48,SPEAKER_02,Two.,0.534
161,766.48,768.12,SPEAKER_03,I should have said a two to make the arithmetic.,0.8219
162,770.81,774.43,SPEAKER_03,We'll just put almost two because I'm not going to get into silly decimal places.,0.6845
163,776.02,780.4,SPEAKER_03,"If we want to really bring it down, we can do later.",0.8879
164,781.04,784.92,SPEAKER_03,"Now we're looking at, it incorporates current fashion trends.",0.8176
165,784.94,792.97,SPEAKER_03,Now that's particularly in relation to our market research findings about the spongy texture to the exterior and the fruit and vegetable design colours.,0.8763
166,793.63,793.85,SPEAKER_00,Yeah.,0.633
167,794.57,794.87,SPEAKER_03,Right.,0.869
168,795.47,801.18,SPEAKER_03,"So I'm just thinking before I give it my rating, you were limited in the use of materials for your prototype here.",0.9014
169,801.28,801.6,SPEAKER_03,Yeah.,0.677
170,801.62,804.5,SPEAKER_03,Is this actually going to be the colours that you would use?,0.7059
171,804.56,806.3,SPEAKER_00,"No, the base colour was",0.6536
172,806.28,821.12,SPEAKER_00,"White or light blue, but the changeable faces would allow you to get basically any one of a number of colours that it's full of customers.",0.8458
173,821.24,826.03,SPEAKER_00,And the spongy feel is no problem with that.,0.7371
174,826.05,832.38,SPEAKER_00,"No, no, because the spongy feel would be in the rubber that you put around it.",0.7899
175,832.98,834.96,SPEAKER_00,Otherwise it's just hard plastic.,0.862
176,834.99,836.81,SPEAKER_03,"In that case, it's got to be a one for me.",0.8304
177,838.01,839.62,SPEAKER_00,"Yeah, I'll give it a one as well.",0.5917
178,840.54,847.25,SPEAKER_03,"Everybody, OK. That part was nice and easy.",0.823
179,848.49,853.08,SPEAKER_03,"Moving on to, does the design minimize repetitive strain injury?",0.7942
180,854.97,857.11,SPEAKER_03,I don't think we've really touched on that a lot.,0.763
181,857.15,857.89,SPEAKER_03,We've discussed it.,0.911
182,857.91,863.14,SPEAKER_03,We haven't really come up with anything that we felt could feasibly reduce that.,0.8836
183,863.16,868.99,SPEAKER_03,"We've talked about pointers, but the very use of a remote control, if you're someone who's zapping, who's sitting like that, we found so many people did.",0.7883
184,869.38,871.39,SPEAKER_03,How do you minimize that in such a small device?,0.717
185,871.41,879.68,SPEAKER_02,"Well, the type of button that we're going to use in the bottom half, the material, it's meant to be.",0.7563
186,881.9,887.93,SPEAKER_02,"Maybe because it's slightly, with the size that we've got, it's quite small, but with the amount of stuff we're putting on it, isn't that much.",0.8015
187,887.97,895.19,SPEAKER_02,"So maybe because there's more space, it's not kind of moving around to hit accurately the buttons in between.",0.728
188,895.39,898.02,SPEAKER_02,"It's quite obvious, just big buttons.",0.888
189,898.36,902.82,SPEAKER_03,I think I'm going to have to be neutral on that and give it a four.,0.5319
190,905.64,909.65,SPEAKER_00,"Yeah, I'd go for a five actually.",0.4117
191,911.48,922.69,SPEAKER_03,So that's 4.25.,0.6467
192,925.61,929.43,SPEAKER_03,"And finally, last but not least, easy to locate.",0.8252
193,929.47,930.98,SPEAKER_03,So we talked about voice recognition.,0.81
194,931.0,932.08,SPEAKER_03,We talked about a beeper.,0.9086
195,932.12,933.94,SPEAKER_03,"Have we really, have the designers come to any?",0.6787
196,934.6,937.35,SPEAKER_00,"Yeah, it was a voice recognition.",0.6928
197,937.4,938.73,SPEAKER_03,It was the idea thing.,0.7574
198,940.51,942.15,SPEAKER_03,And we're happy with the costs on that.,0.7261
199,942.49,944.36,SPEAKER_03,That is going to be a little cost-wise.,0.3453
200,944.38,945.32,SPEAKER_00,"Yeah, that's feasible.",0.4363
201,945.54,946.4,SPEAKER_03,That sounds good then.,0.9197
202,946.5,951.45,SPEAKER_03,"I'd go for, we can adjust the volume on that just as we could volume on TV.",0.8547
203,951.47,952.43,SPEAKER_00,I think it would.,0.4597
204,952.47,955.41,SPEAKER_03,Sometimes in the other room or TVs in different rooms.,0.7499
205,956.0,961.35,SPEAKER_00,"I think it would probably be a standard, it would be a standard, it would be quite loud.",0.7827
206,962.49,963.84,SPEAKER_00,So it would be a standard.,0.6447
207,963.86,969.33,SPEAKER_02,And if you didn't hear it in the room you were standing in then you realised it wasn't in that room.,0.6792
208,970.75,971.55,SPEAKER_02,That's the one for me.,0.846
209,972.36,976.3,SPEAKER_03,"Yeah, one.",0.7535
210,977.68,981.99,SPEAKER_00,I do realise that we might be being fairly biased because it isn't a product.,0.4834
211,983.13,985.81,SPEAKER_03,"So, how do we feel about this?",0.8539
212,985.85,989.94,SPEAKER_03,We've got the highest rating of meeting the specifications.,0.8739
213,989.96,994.61,SPEAKER_03,That is definitely true for two of the six criteria there.,0.9203
214,995.14,1000.77,SPEAKER_03,That is for incorporates current fashion trends and is easy to locate.,0.8588
215,1000.75,1009.67,SPEAKER_03,"The lowest rating we've got, which is really not terribly low, it's close around neutral, is for the minimisation of repetitive strain injury.",0.8558
216,1011.25,1019.62,SPEAKER_03,"Do we feel on the basis of these evaluation findings that we can go ahead and now produce this as a prototype and market it, or do we have to make further modifications?",0.8949
217,1021.36,1022.16,SPEAKER_03,I don't think so.,0.8367
218,1023.04,1040.86,SPEAKER_03,I think for most of those ratings it's high enough at the upper end of the scale for us to go ahead with that and I really doubt if on the basis of current technology and our current capabilities we could actually do much more apart from having a huge big team.,0.7556
219,1042.86,1045.05,SPEAKER_03,I hope that's clear to the team.,0.7741
220,1045.07,1051.19,SPEAKER_03,Is there anything you would like to ask me about the findings before I sum up?,0.7692
221,1052.73,1055.69,SPEAKER_03,"Okay, thank you.",0.6633
222,1065.0,1067.22,SPEAKER_02,"Okay, I've got finance here now.",0.587
223,1067.24,1069.33,SPEAKER_02,I'm going to plug this in so you can all see it.,0.6368
224,1069.9,1072.65,SPEAKER_02,That's okay.,0.5355
225,1078.86,1081.96,SPEAKER_00,You want me to want to plug that?,0.4005
226,1096.74,1109.26,SPEAKER_01,Right.,0.797
227,1110.74,1112.69,SPEAKER_02,Okay.,0.319
228,1112.71,1116.67,SPEAKER_02,Now I presume that Scream will go blind.,0.6775
229,1118.0,1119.74,SPEAKER_02,"That, um,",0.8535
230,1125.96,1126.75,SPEAKER_02,Okay.,0.552
231,1126.77,1131.15,SPEAKER_02,We just type numbers into this and we come out with the final value.,0.7124
232,1132.23,1135.18,SPEAKER_02,So are we still on for kinetic?,0.8966
233,1135.2,1135.5,SPEAKER_00,Yeah.,0.642
234,1136.3,1136.66,SPEAKER_02,Okay.,0.725
235,1137.22,1138.97,SPEAKER_02,So it would have been handy to have this at the beginning.,0.6433
236,1140.59,1142.01,SPEAKER_02,It might have influenced our choice.,0.9137
237,1145.18,1145.4,SPEAKER_02,Right.,0.806
238,1145.52,1148.52,SPEAKER_02,What's happening with the electronics?,0.8408
239,1148.54,1151.89,SPEAKER_00,It was regular chip on print and,0.7553
240,1157.94,1159.53,SPEAKER_00,"Oh, no, no, no.",0.6418
241,1161.37,1165.62,SPEAKER_00,You've put in three for the number of kinetic cells.,0.9079
242,1165.65,1168.6,SPEAKER_00,There should just be one in the top.,0.8928
243,1168.72,1169.4,SPEAKER_00,It's the number.,0.8387
244,1170.14,1170.68,SPEAKER_02,"Oh, right.",0.7165
245,1170.8,1171.18,SPEAKER_02,OK.,0.805
246,1172.46,1175.21,SPEAKER_00,Thanks.,0.799
247,1175.29,1176.77,SPEAKER_00,So would it be two?,0.5468
248,1177.03,1179.23,SPEAKER_00,"No, one reg.",0.8777
249,1179.9,1180.7,SPEAKER_02,One chip?,0.55
250,1180.72,1183.82,SPEAKER_00,"Yeah, one of them and one sample sensor and sample speaker.",0.8208
251,1183.94,1184.42,SPEAKER_02,OK.,0.756
252,1187.61,1188.21,SPEAKER_00,Yeah.,0.453
253,1188.23,1189.57,SPEAKER_00,And they're double curved.,0.5162
254,1189.59,1189.81,SPEAKER_00,No.,0.826
255,1191.13,1191.56,SPEAKER_02,Single curved.,0.3425
256,1191.58,1192.96,SPEAKER_02,One double curve.,0.289
257,1192.98,1194.2,SPEAKER_00,"Two, because it's two.",0.4005
258,1194.86,1196.96,SPEAKER_02,"But it has a slightly flattened bottom, so it can sit.",0.6133
259,1197.3,1198.51,SPEAKER_02,So what's a single curve?,0.6698
260,1198.53,1201.53,SPEAKER_00,"Yeah, I'd say it was a flat bottom with one curve.",0.6405
261,1201.55,1203.41,SPEAKER_00,"Yeah, I think it's single curved.",0.5437
262,1203.43,1204.77,SPEAKER_02,So just one double.,0.4822
263,1204.79,1205.82,SPEAKER_00,One double curved.,0.7047
264,1206.26,1207.08,SPEAKER_00,Yeah.,0.344
265,1207.1,1207.5,SPEAKER_00,And what?,0.734
266,1207.56,1208.28,SPEAKER_00,"No, because one.",0.641
267,1208.3,1208.7,SPEAKER_00,Big and rubble.,0.4677
268,1208.96,1210.36,SPEAKER_00,"Yeah, one's double curved.",0.7183
269,1210.52,1211.7,SPEAKER_00,And then the other one's.,0.7458
270,1211.72,1214.53,SPEAKER_03,"But it's slightly flattened at the bottom, so it doesn't roll over.",0.5012
271,1216.97,1218.65,SPEAKER_02,Plastic.,0.641
272,1218.8,1220.36,SPEAKER_02,"Plastic and rubber, haven't we?",0.598
273,1220.62,1221.06,SPEAKER_01,Yeah.,0.666
274,1221.08,1221.86,SPEAKER_01,Yeah.,0.676
275,1221.88,1224.19,SPEAKER_01,Plastic one and maybe about 0.5.,0.7523
276,1225.11,1230.98,SPEAKER_01,"I think rubber, since it's being used just as a casing, we can put 0.5.",0.7769
277,1232.31,1233.29,SPEAKER_02,Do you think?,0.7547
278,1233.55,1238.05,SPEAKER_01,"Yeah, because I think it allows 0.5 here.",0.6436
279,1238.07,1238.79,SPEAKER_01,We can use that.,0.8905
280,1240.77,1242.56,SPEAKER_03,What does it mean if you put 0.5 for that?,0.787
281,1242.58,1244.6,SPEAKER_01,Means we are not using a lot of rubber actually.,0.7385
282,1244.94,1249.69,SPEAKER_01,It would be like saying we're using a very low quantity of rubber compared to plastic.,0.6386
283,1250.74,1252.56,SPEAKER_02,"See, it says case material.",0.8896
284,1254.08,1257.37,SPEAKER_02,So we're not actually using plastic in the case.,0.7903
285,1257.38,1260.87,SPEAKER_00,"No, no, that's an extra.",0.5626
286,1260.95,1266.23,SPEAKER_00,So that shouldn't be actually on there because that's not incorporated in the cost of the remote.,0.6775
287,1266.41,1267.3,SPEAKER_00,You get...,0.8555
288,1267.32,1271.32,SPEAKER_03,"But it's going to be part of the total cost and there's nowhere else we can put that in, is there?",0.7305
289,1271.74,1274.34,SPEAKER_03,There's nowhere else we can code for the rubber used in the casing.,0.8556
290,1274.92,1276.85,SPEAKER_03,So do we not have to account for it in the cost somewhere there?,0.6496
291,1278.4,1283.5,SPEAKER_02,"Okay, we'll just put it in as half.",0.7836
292,1283.52,1283.83,SPEAKER_02,Okay.,0.474
293,1283.87,1286.37,SPEAKER_02,We should just put it in as one because plastic is zero anyway.,0.7875
294,1286.41,1287.53,SPEAKER_00,"Yeah, okay.",0.607
295,1289.47,1291.08,SPEAKER_02,And we don't stick with anyone's tools.,0.3929
296,1292.34,1293.32,SPEAKER_02,"Okay, special color.",0.8487
297,1293.34,1293.96,SPEAKER_02,Do we need that?,0.5697
298,1294.56,1299.39,SPEAKER_03,"We might do, if we go for some of the more exotic aubergines and such light colors.",0.7017
299,1300.63,1301.33,SPEAKER_02,Interface.,0.923
300,1302.19,1302.77,SPEAKER_00,Push button.,0.763
301,1304.29,1308.32,SPEAKER_00,"Yeah, the push buttons one and LC display one.",0.725
302,1309.62,1312.2,SPEAKER_00,One button.,0.798
303,1371.92,1373.6,SPEAKER_01,I think we could change the battery also.,0.7056
304,1373.62,1377.47,SPEAKER_01,"Instead of going for kinetic, how about going for a standard battery?",0.6209
305,1377.55,1381.38,SPEAKER_03,"If you click off that square now, it's not made any difference.",0.7621
306,1382.34,1389.99,SPEAKER_03,It's on curved completely and just actually making the rubber case the curved thing.,0.8599
307,1390.01,1391.73,SPEAKER_03,Is that going to make a difference?,0.7059
308,1391.75,1392.73,SPEAKER_01,On curved flat.,0.7767
309,1395.7,1397.08,SPEAKER_03,"Oh, it's not made any difference, huh?",0.6007
310,1397.47,1405.02,SPEAKER_00,"No, you've got to click off to calculate it again.",0.7713
311,1406.3,1416.59,SPEAKER_00,"You might be assuming that that is in euros, it could be in dollars, and then it would be fine because the exchange rate would make it about $20.",0.6815
312,1416.61,1419.46,SPEAKER_02,Is there anything on the game that we haven't been dealing with dollars though?,0.4922
313,1420.18,1421.1,SPEAKER_01,I think it's the new one.,0.5595
314,1421.24,1426.77,SPEAKER_02,"Okay, so the highest we've got is the electronics here.",0.7149
315,1427.42,1436.67,SPEAKER_03,"If we moved away from our much-loved idea of a kinetic battery and just made it standard batteries, would that make a huge difference?",0.6659
316,1436.69,1439.66,SPEAKER_00,"Yeah, the standard, it would make one difference.",0.6024
317,1440.24,1443.06,SPEAKER_00,"The biggest one would be taking away, if you took away.",0.9172
318,1444.28,1447.01,SPEAKER_01,What I feel is customers never said anything about the battery and all.,0.6592
319,1447.03,1447.61,SPEAKER_01,It's internal.,0.732
320,1447.63,1448.69,SPEAKER_01,Nobody looks into the battery.,0.8092
321,1448.71,1448.89,SPEAKER_01,Yeah.,0.589
322,1449.47,1452.26,SPEAKER_01,"But shape and color, that's something we should take away.",0.6584
323,1452.39,1457.34,SPEAKER_00,"If you take away the voice, I don't like to say it, but if you take away the voice recognition, then you've got it.",0.6212
324,1458.62,1460.2,SPEAKER_01,What's that special form?,0.6715
325,1461.73,1462.97,SPEAKER_03,Do we see what difference it makes?,0.7029
326,1463.01,1465.79,SPEAKER_00,"Where's the... Yeah, no, because... Where's the voice recognition?",0.5079
327,1465.81,1468.69,SPEAKER_00,It's samples sensor sample speaker.,0.7486
328,1468.79,1469.38,SPEAKER_00,"Right, okay.",0.329
329,1469.39,1471.0,SPEAKER_00,"Took away that, they'll make it 12.35.",0.7737
330,1472.16,1473.36,SPEAKER_02,"Well, the kinetic is three.",0.7982
331,1473.7,1476.4,SPEAKER_02,"If we change it to the battery, it's... That's minus three.",0.8155
332,1477.54,1480.19,SPEAKER_00,"Yeah, but you've minus three plus two.",0.6104
333,1480.41,1480.83,SPEAKER_02,"Oh, right.",0.5245
334,1482.21,1484.29,SPEAKER_02,Keeps things zero.,0.2987
335,1489.15,1490.93,SPEAKER_02,We can do it some other way.,0.846
336,1490.95,1493.11,SPEAKER_02,It doesn't have to be voice recognition.,0.7671
337,1493.15,1500.14,SPEAKER_02,We could do the voice recognition for business class or something like an upgraded version.,0.8279
338,1500.16,1502.63,SPEAKER_02,You could choose to have it or not.,0.5757
339,1504.17,1511.34,SPEAKER_00,I don't see why we have to sell it for 25 years now because they were saying they were quite willing to pay more for a better product.,0.7425
340,1511.81,1513.23,SPEAKER_03,But we're still working to...,0.7132
341,1513.41,1517.0,SPEAKER_03,So should we just change it as I specification then?,0.5759
342,1517.04,1517.7,SPEAKER_03,Make it costly.,0.4443
343,1517.72,1527.37,SPEAKER_03,"If we're working to head office specifications, this is what this project team is working for, we can put in our recommendations for what we've found and the consensus that we've come to as a result of meetings.",0.715
344,1527.65,1530.39,SPEAKER_03,But we need to work to that specification to start with.,0.7817
345,1530.47,1539.64,SPEAKER_03,"And I think the voice recognition sounds wonderful, but our object is so distinctive that that in itself is going to make it easier to locate in a first instance.",0.786
346,1539.62,1544.87,SPEAKER_03,"As you say, we can offer the voice recognition initially to business class customers.",0.8481
347,1545.07,1555.08,SPEAKER_02,"Okay, we can make the price fit and then say... And then say we recommend... We would have had this because it also sets apart.",0.7367
348,1555.1,1557.72,SPEAKER_02,Because we've done all the background work to go for that as they want to.,0.5439
349,1557.74,1563.06,SPEAKER_02,"They like something that's completely different, something completely different associated with your company.",0.7715
350,1564.34,1567.91,SPEAKER_02,"So if we take voice recognition out,",0.6576
351,1567.89,1571.35,SPEAKER_00,It's down to 12.35.,0.5335
352,1572.17,1573.53,SPEAKER_00,"Yeah, we're close to the budget.",0.3672
353,1573.93,1574.43,SPEAKER_00,Is it 12.5?,0.7047
354,1574.63,1576.22,SPEAKER_00,Was it 12.50?,0.6387
355,1576.3,1579.1,SPEAKER_02,"No, it's 12.25.",0.657
356,1579.88,1580.3,SPEAKER_02,Are you sure?,0.7507
357,1580.8,1582.44,SPEAKER_02,"Sorry, not meaning to doubt your words.",0.7621
358,1582.55,1583.69,SPEAKER_02,"Yeah, well, two.",0.509
359,1583.71,1587.17,SPEAKER_02,12.25 times two is 25.,0.7414
360,1587.57,1589.65,SPEAKER_03,Are they going to really quibble about 10p?,0.5829
361,1591.54,1595.8,SPEAKER_03,"0.01 of a euro, which is less than 10p.",0.7324
362,1601.47,1603.85,SPEAKER_01,"I don't remember what it said, 50% is a cost.",0.6273
363,1604.83,1608.7,SPEAKER_02,So half of the price would be.,0.6381
364,1613.04,1613.88,SPEAKER_01,I think what is the first one?,0.6016
365,1614.6,1615.36,SPEAKER_03,That's today's.,0.774
366,1615.38,1624.71,SPEAKER_02,12.5.,0.73
367,1624.87,1626.88,SPEAKER_02,So we are under the budget.,0.3897
368,1627.96,1629.08,SPEAKER_02,So we're OK.,0.6657
369,1630.49,1630.99,SPEAKER_00,Okay.,0.67
370,1631.01,1634.16,SPEAKER_02,"So, has that got us covered for the electronics then?",0.8384
371,1634.24,1636.3,SPEAKER_02,We don't need something else to take that place.,0.868
372,1636.32,1636.88,SPEAKER_00,No.,0.848
373,1636.9,1637.24,SPEAKER_02,Okay.,0.652
374,1637.78,1640.82,SPEAKER_00,Because that was just a bolt on X-ray.,0.7377
375,1640.84,1642.09,SPEAKER_00,You could just take that out.,0.601
376,1643.89,1645.23,SPEAKER_00,And it would be fine.,0.3906
377,1645.25,1645.35,SPEAKER_00,Okay.,0.021
378,1645.37,1653.84,SPEAKER_01,It seems fine.,0.6803
379,1655.22,1656.24,SPEAKER_01,"Yeah, I think that's pretty good.",0.3045
380,1656.26,1657.64,SPEAKER_01,"Except voice recognition, everything is...",0.2766
381,1657.66,1657.88,SPEAKER_01,Right.,0.497
382,1658.36,1659.3,SPEAKER_02,So we've done that.,0.406
383,1662.02,1662.54,SPEAKER_02,Okay.,0.56
384,1663.78,1664.82,SPEAKER_02,Product evaluation.,0.8795
385,1666.98,1669.01,SPEAKER_02,"We've done Room for Creativity, haven't we?",0.7907
386,1669.35,1669.67,SPEAKER_02,Yeah.,0.338
387,1669.69,1674.18,SPEAKER_02,"Because we've got decisions that we would have made that we won't, didn't feel able to make.",0.7982
388,1677.58,1679.96,SPEAKER_02,I presume we discuss leadership and teamwork?,0.8597
389,1683.75,1685.62,SPEAKER_00,Yes.,0.957
390,1685.63,1685.8,SPEAKER_02,Yeah.,0.381
391,1686.16,1687.62,SPEAKER_02,In the sense that,0.881
392,1689.15,1695.5,SPEAKER_02,Did you feel like a team or did you feel like...?,0.8671
393,1695.6,1697.2,SPEAKER_00,I would say as a team.,0.4093
394,1697.22,1698.22,SPEAKER_00,I think we had a nice time.,0.4456
395,1698.34,1702.69,SPEAKER_03,"There was so much interaction, so much that we needed to find out from each other.",0.7234
396,1703.25,1713.0,SPEAKER_03,"And I've certainly felt heard, listened to and that in relevant areas we've been able to give and take and adjust our remit if we're necessary.",0.8196
397,1712.98,1716.78,SPEAKER_01,"Yeah, I think it is a very constructive feedback by everybody.",0.6584
398,1717.35,1719.41,SPEAKER_01,It's not like people trying to cut each other.,0.8811
399,1720.33,1722.23,SPEAKER_01,It is more of a through cohesive teamwork.,0.6899
400,1722.25,1727.5,SPEAKER_01,We came to a very pretty creative design here.,0.7116
401,1728.98,1731.53,SPEAKER_01,"Yeah, I think and Sarah you coordinated the work very well.",0.7079
402,1731.83,1733.05,SPEAKER_02,Thank you.,0.4885
403,1733.07,1734.67,SPEAKER_02,How did you find it?,0.7978
404,1734.69,1748.11,SPEAKER_00,"Yeah, no, I thought it went really well and I feel that everyone was listened to and all the points that were raised seem to have been sorted out.",0.7891
405,1749.15,1752.99,SPEAKER_00,We didn't quite make the voice recognition in there but that's good.,0.7967
406,1753.79,1756.97,SPEAKER_00,I think I would have made it into the final product if it was actually,0.7955
407,1756.95,1767.32,SPEAKER_00,If we'd seen the marketing before the initial specification was put out I think maybe it would have come out a little different.,0.8316
408,1768.44,1773.28,SPEAKER_02,I like the fact that we could say an idea and it be,0.8193
409,1773.26,1777.88,SPEAKER_02,"suggested that there wasn't the best idea, but no one felt like it shot down.",0.7813
410,1778.72,1786.85,SPEAKER_02,"You know, it didn't matter saying what you thought because if it wasn't something that was that relevant, then it didn't matter because it was just another idea.",0.8578
411,1790.2,1796.07,SPEAKER_02,"Teamwork, well you two created that wonderful specimen of a potato model.",0.8754
412,1796.09,1799.01,SPEAKER_02,I think that was the best part of that.,0.4724
413,1798.99,1804.32,SPEAKER_02,"I'm still not caught up, but that's nothing to do with the teamwork.",0.7521
414,1805.76,1812.86,SPEAKER_03,Maybe we should think of branching out into children's toys and fake mobile phones as the sideline.,0.7517
415,1812.88,1813.5,SPEAKER_03,The fake RC.,0.6373
416,1813.84,1815.38,SPEAKER_02,That was quite fun.,0.6372
417,1816.22,1818.87,SPEAKER_02,"Means, whiteboard, digital pens, etc.",0.7834
418,1818.91,1821.01,SPEAKER_02,What does that mean?,0.8015
419,1821.15,1825.27,SPEAKER_03,Could we evaluate the materials we had for communicating and sharing information?,0.6418
420,1826.95,1827.89,SPEAKER_03,Could it have been better?,0.9186
421,1827.91,1828.9,SPEAKER_03,Was it adequate?,0.647
422,1829.62,1841.68,SPEAKER_00,"Yeah, I think we probably would have used the actual email system more had we actually had time to kind of had more time and if we'd been separated more.",0.7636
423,1841.7,1844.84,SPEAKER_02,"Yeah, because we could just sort of say, sorry, what did you say about that?",0.7921
424,1844.9,1847.66,SPEAKER_02,Or what do you think about that rather than having to email you?,0.8
425,1848.47,1849.79,SPEAKER_02,But it was nice having it there.,0.9187
426,1852.23,1853.53,SPEAKER_02,Like the whole picture of the thing.,0.9027
427,1854.15,1857.29,SPEAKER_01,"Yeah, but in like moving around the room.",0.7662
428,1857.33,1862.21,SPEAKER_01,I think it's good like we spend times individually,0.8233
429,1894.7,1899.97,SPEAKER_01,I never thought of remote control with a flip top.,0.6578
430,1899.99,1902.58,SPEAKER_03,"Yeah, I think it's borrowing from other areas.",0.7331
431,1902.96,1904.86,SPEAKER_03,It's bringing things from other areas in.,0.8026
432,1904.9,1906.33,SPEAKER_03,"I mean, nothing is new.",0.631
433,1907.25,1909.23,SPEAKER_03,But it's applying it to a different area.,0.7123
434,1909.35,1909.85,SPEAKER_01,Vegetables.,0.905
435,1911.41,1911.88,SPEAKER_01,That's mine.,0.7995
436,1914.96,1915.06,SPEAKER_03,Yeah.,0.2
437,1915.77,1916.89,SPEAKER_02,"Yeah, no.",0.426
438,1917.19,1919.41,SPEAKER_02,"Well, they have to come from somewhere, don't they?",0.6522
439,1920.07,1920.87,SPEAKER_02,"Absolutely, yeah.",0.136
440,1920.89,1923.25,SPEAKER_01,"And as, sorry.",0.561
441,1923.57,1931.64,SPEAKER_02,"As was shown by your presentation with all of the other controls, remote controls, no one's thought about it, particularly.",0.8106
442,1931.66,1933.12,SPEAKER_02,"I mean, they're slightly different.",0.7356
443,1933.16,1938.79,SPEAKER_02,"So someone's been shot in the room and said, make ours a bit different from everyone else's, because there's something we should think about.",0.7768
444,1939.25,1942.15,SPEAKER_02,"But obviously, no one's put any great deal of thought into it.",0.464
445,1942.17,1944.55,SPEAKER_00,I don't think the companies are really concerned.,0.8427
446,1944.57,1945.65,SPEAKER_00,"They're just like,",0.4737
447,1945.63,1947.18,SPEAKER_00,We've got a DVD player.,0.823
448,1947.4,1949.06,SPEAKER_00,Does anyone remember the remote control?,0.6965
449,1949.36,1951.67,SPEAKER_00,Can't you get the one that we used for the last one?,0.8817
450,1952.31,1953.65,SPEAKER_00,"Yeah, just jazz it up a bit.",0.6123
451,1954.71,1959.56,SPEAKER_00,They don't really think about it because normally the remote control isn't the product which they're trying to ship.,0.7974
452,1959.58,1962.25,SPEAKER_00,"They're trying to ship the DVD player, the video player, the TV.",0.4873
453,1962.27,1964.57,SPEAKER_02,But then when everything is really smart...,0.505
454,1964.55,1964.93,SPEAKER_02,Yeah.,0.438
455,1965.17,1968.72,SPEAKER_02,And you've just got this big chunk of black thing sitting on your coffee table.,0.8268
456,1968.74,1969.64,SPEAKER_02,It doesn't go.,0.88
457,1969.66,1976.79,SPEAKER_02,"I mean, if you could have something that's a proper funky thing, a funky item that's individual, individual to you.",0.8337
458,1977.18,1984.59,SPEAKER_02,"I mean, they could even go into, you go in with an idea and they design it on Photoshop and then they just get it printed on the plastic.",0.8863
459,1985.37,1985.53,SPEAKER_02,Yeah.,0.691
460,1985.69,1992.36,SPEAKER_02,"You'd pay a lot extra because it's individually being, plastic was being made for you.",0.8031
461,1992.38,1993.34,SPEAKER_02,Yeah.,0.399
462,1993.32,1996.99,SPEAKER_02,people could have anything that they wanted.,0.845
463,1997.01,2001.46,SPEAKER_01,Surprising thing is like people give a lot of attention to modifying mobile phones.,0.7459
464,2002.22,2005.66,SPEAKER_01,Like every month you see a new launch or something like that.,0.8324
465,2006.28,2008.27,SPEAKER_01,And new television products coming up.,0.7608
466,2008.51,2010.71,SPEAKER_01,But nobody giving much idea to this.,0.8033
467,2011.17,2015.62,SPEAKER_03,I think it's really good that this has been very market research based.,0.5847
468,2015.6,2023.23,SPEAKER_03,"Because just going back to mobile phones, this is the first change in remote control devices that I can really say is obvious and visible.",0.7575
469,2024.19,2027.8,SPEAKER_03,We see it in mobile phones a lot and that's where we've borrowed a lot of ideas from.,0.5886
470,2028.56,2030.84,SPEAKER_03,There are innovations in that that people don't really want.,0.7615
471,2031.56,2034.98,SPEAKER_03,I see people wanting a model of the phone they were really happy with and they can't get it anymore.,0.6845
472,2035.03,2039.63,SPEAKER_03,It's innovation for innovation's sake and I think it's wonderful that our company is so R&D based.,0.7675
473,2039.61,2044.46,SPEAKER_02,"Well, it's innovation for money's sake, that people have to keep buying.",0.7808
474,2044.48,2048.69,SPEAKER_03,"Forcing it on to people, they might want to buy the thing they really want.",0.7236
475,2048.83,2054.94,SPEAKER_02,"And you've got your handset that works fine, but you can't get the battery anymore for that type of phone because the phones have moved on, things like that.",0.7002
476,2054.96,2059.61,SPEAKER_02,"Oh, there isn't a cover to fit it on battery.",0.3876
477,2062.22,2077.97,SPEAKER_02,in closing our costs are below budget with recommendations that the budget be increased but I think I don't know what do you think do you think that takes into account,0.7883
478,2079.94,2086.59,SPEAKER_02,"overheads, like us being well paid kind of a thing, and the heating for the building.",0.7908
479,2086.61,2089.82,SPEAKER_02,"Do you think our budget includes everything, all the costs that are going out?",0.6234
480,2089.84,2091.2,SPEAKER_02,I think it was just the production.,0.4539
481,2091.24,2093.26,SPEAKER_00,I think that was just the physical.,0.5626
482,2093.28,2101.73,SPEAKER_02,"So it looks, well it looks like it's going to be 50% profit, still gone, all of the overheads to come out of that, so maybe increasing it.",0.8029
483,2101.71,2105.48,SPEAKER_02,You would also have to increase the price that sold it.,0.851
484,2105.72,2107.06,SPEAKER_02,"Yeah, I think...",0.627
485,2107.08,2111.21,SPEAKER_03,"But you were saying that that's quite... Yeah, I think in the remake that you were given, it was very specific.",0.5614
486,2111.25,2117.6,SPEAKER_03,I think we've done what we're required to do and I think there'll have to be another project team or a new project for us to look at those kind of things.,0.7144
487,2117.9,2122.57,SPEAKER_03,I don't think that's something we have to look at and find a way of raising the cash for.,0.789
488,2123.26,2129.95,SPEAKER_03,"Yeah, it was done very well to get within budget and it still makes such an innovative item.",0.7935
489,2129.97,2136.48,SPEAKER_03,But I think people are really going to want to shame it won't ever get me.,0.8227
490,2136.54,2138.87,SPEAKER_00,Maybe they are going to steal our ideal and sell it.,0.3978
491,2138.89,2140.71,SPEAKER_00,It's top sinker.,0.29
492,2140.73,2143.93,SPEAKER_00,Is this conspiracy going on here?,0.5302
493,2143.91,2146.7,SPEAKER_02,The project has been evaluated well and truly.,0.8453
494,2147.64,2151.59,SPEAKER_02,And we've got the meeting summary in question.,0.7864
495,2152.11,2158.66,SPEAKER_02,So we've got about 50 minutes to catch up with everything that I fell behind with.,0.7365
496,2158.97,2163.26,SPEAKER_02,So I'll be delegating my role as project supervisor.,0.7377
497,2163.82,2164.52,SPEAKER_02,So good luck.,0.948
498,2167.63,2169.35,SPEAKER_01,"Celebration, you didn't talk about that.",0.583
499,2169.57,2171.89,SPEAKER_02,I think the celebration is at 25 pounds.,0.7635
500,2173.17,2174.53,SPEAKER_02,That or we'll be dancing on the desk.,0.7801
501,2176.81,2182.78,SPEAKER_02,Okay.,0.677
502,2182.9,2184.26,SPEAKER_00,Is that it then?,0.3943
503,2185.28,2186.82,SPEAKER_02,"Yeah, just the last, I think.",0.508
504,2191.61,2192.47,SPEAKER_00,Awesome.,0.211
505,2192.49,2198.8,SPEAKER_02,I think I've got minutes for two of the meetings and the last thingy.,0.7754
506,2200.84,2204.18,SPEAKER_03,I didn't have to rate you on how much you influenced the meeting this time.,0.8599
507,2204.67,2210.88,SPEAKER_00,Was that not the questionnaire for how you felt you'd done in your thing?,0.6098
508,2210.9,2213.89,SPEAKER_03,"Oh right, but do we not sometimes evaluate in these meetings too?",0.6792
509,2213.91,2215.7,SPEAKER_00,"Yeah, there is, yeah.",0.4295
510,2215.72,2220.23,SPEAKER_00,"I think, yeah, questionnaire seven was the one I did just before the meeting.",0.2542
511,2220.25,2221.8,SPEAKER_00,Yeah.,0.493
512,2221.82,2222.34,SPEAKER_00,I just got confused.,0.4133
