segment_id,p_happy,p_angry,p_sad,p_neutral
0,0.020644,0.155806,0.05238,0.771169
1,0.022352,0.01755,0.006897,0.953202
2,0.004835,0.006552,0.002873,0.98574
3,0.011876,0.005179,0.003487,0.979458
4,0.008325,0.008281,0.007399,0.975995
5,0.007336,0.004405,0.007594,0.980665
6,0.010856,0.017381,0.01031,0.961452
7,0.002809,0.012363,0.006528,0.978299
8,0.003363,0.012544,0.008279,0.975814
9,0.01413,0.033856,0.011312,0.940703
10,0.019956,0.011118,0.018113,0.950813
11,0.028936,0.029862,0.04969,0.891512
12,0.056508,0.009549,0.033368,0.900575
13,0.021757,0.009114,0.018651,0.950478
14,0.031398,0.004886,0.035541,0.928174
15,0.422111,0.006487,0.05837,0.513032
16,0.014108,0.008819,0.02483,0.952243
17,0.004822,0.00598,0.026834,0.962364
18,0.010565,0.022531,0.064706,0.902198
19,0.042138,0.04855,0.012825,0.896487
20,0.179834,0.138703,0.10358,0.577883
21,0.005184,0.010918,0.019969,0.963929
22,0.010424,0.005195,0.020744,0.963637
23,0.022504,0.006746,0.005846,0.964904
24,0.648065,0.010833,0.014651,0.326451
25,0.606626,0.026375,0.062308,0.304691
26,0.010067,0.018174,0.027426,0.944332
27,0.558705,0.014435,0.014148,0.412712
28,0.029724,0.027843,0.285244,0.657189
29,0.006553,0.018433,0.053578,0.921436
30,0.037385,0.004018,0.009904,0.948693
31,0.061783,0.004571,0.006743,0.926903
32,0.66142,0.014931,0.006882,0.316768
33,0.02721,0.01075,0.041379,0.920661
34,0.009812,0.011086,0.006206,0.972897
35,0.022707,0.004626,0.01099,0.961678
36,0.048067,0.007996,0.005797,0.93814
37,0.024263,0.00339,0.003599,0.968747
38,0.024168,0.044245,0.024808,0.906778
39,0.088027,0.018953,0.02417,0.868849
40,0.36264,0.007757,0.077228,0.552375
41,0.008134,0.018102,0.006244,0.967519
42,0.014027,0.00496,0.003545,0.977467
43,0.002557,0.020928,0.006044,0.970471
44,0.044394,0.035758,0.013454,0.906394
45,0.025077,0.005053,0.008812,0.961058
46,0.045443,0.027495,0.019012,0.908049
47,0.016623,0.016273,0.012093,0.955011
48,0.01527,0.054897,0.038505,0.891328
49,0.004152,0.014345,0.007897,0.973606
50,0.009642,0.026458,0.008649,0.95525
51,0.011325,0.031688,0.024914,0.932073
52,0.011165,0.006593,0.01074,0.971502
53,0.009344,0.017041,0.015989,0.957626
54,0.003668,0.047891,0.230222,0.718219
55,0.009616,0.005673,0.041592,0.943119
56,0.00507,0.004887,0.013488,0.976556
57,0.010984,0.038626,0.180892,0.769498
58,0.00452,0.017454,0.022648,0.955378
59,0.005749,0.015516,0.004347,0.974388
60,0.004091,0.009181,0.006781,0.979947
61,0.031363,0.032793,0.033392,0.902452
62,0.004335,0.008231,0.003787,0.983648
63,0.004628,0.00629,0.004507,0.984575
64,0.006364,0.01451,0.008894,0.970232
65,0.009874,0.015037,0.003864,0.971225
66,0.004878,0.009831,0.002302,0.982989
67,0.016927,0.012943,0.005394,0.964735
68,0.037848,0.149852,0.01574,0.79656
69,0.00975,0.039883,0.008408,0.941958
70,0.007605,0.051885,0.021069,0.919441
71,0.004427,0.014949,0.004268,0.976357
72,0.008713,0.006093,0.003606,0.981588
73,0.026031,0.0225,0.00818,0.943289
74,0.001943,0.014592,0.006823,0.976642
75,0.002848,0.011504,0.006397,0.979252
76,0.004231,0.028094,0.01092,0.956756
77,0.021063,0.00978,0.008417,0.96074
78,0.004495,0.008757,0.008981,0.977766
79,0.006187,0.014033,0.013888,0.965892
80,0.012481,0.012288,0.006684,0.968547
81,0.012979,0.009456,0.006693,0.970872
82,0.009147,0.021718,0.017755,0.95138
83,0.010362,0.023323,0.030237,0.936078
84,0.009232,0.012069,0.004443,0.974256
85,0.005876,0.010236,0.006818,0.97707
86,0.007137,0.101794,0.019681,0.871388
87,0.007273,0.007361,0.027506,0.95786
88,0.009476,0.011671,0.013346,0.965507
89,0.030883,0.007983,0.011654,0.94948
90,0.003571,0.016639,0.011044,0.968746
91,0.008267,0.0538,0.019712,0.918221
92,0.008048,0.015399,0.037,0.939553
93,0.006418,0.019713,0.006308,0.967561
94,0.00558,0.004906,0.001791,0.987723
95,0.007028,0.009527,0.016914,0.966531
96,0.003066,0.021017,0.008001,0.967916
97,0.005686,0.008371,0.007015,0.978928
98,0.005624,0.009247,0.010197,0.974932
99,0.010797,0.020378,0.028163,0.940662
100,0.049807,0.010097,0.0067,0.933395
101,0.156546,0.010872,0.027811,0.804771
102,0.007349,0.005698,0.019363,0.96759
103,0.003402,0.00925,0.006361,0.980986
104,0.005819,0.015511,0.031332,0.947337
105,0.003931,0.0107,0.024747,0.960622
106,0.009719,0.012763,0.036008,0.94151
107,0.017984,0.062945,0.027317,0.891754
108,0.030495,0.045397,0.013284,0.910823
109,0.008775,0.00611,0.005702,0.979413
110,0.012269,0.014496,0.011778,0.961457
111,0.009336,0.017729,0.012351,0.960584
112,0.069762,0.004367,0.030548,0.895323
113,0.008224,0.031753,0.008807,0.951216
114,0.025643,0.005727,0.008921,0.959709
115,0.002626,0.008627,0.00236,0.986386
116,0.004102,0.017736,0.007499,0.970663
117,0.010965,0.033133,0.347292,0.60861
118,0.009601,0.01545,0.030745,0.944204
119,0.020403,0.016205,0.156888,0.806504
120,0.011123,0.009104,0.018869,0.960903
121,0.00355,0.005911,0.011357,0.979181
122,0.009712,0.128386,0.012874,0.849028
123,0.029103,0.008901,0.033189,0.928807
124,0.913155,0.0019,0.006594,0.078351
125,0.002106,0.011537,0.007098,0.979259
126,0.01542,0.004792,0.010905,0.968883
127,0.026388,0.027558,0.139542,0.806512
128,0.005185,0.018232,0.014814,0.961769
129,0.00417,0.009551,0.022059,0.964219
130,0.007749,0.032132,0.038787,0.921332
131,0.00306,0.009728,0.009417,0.977795
132,0.002817,0.012149,0.010188,0.974847
133,0.06906,0.006031,0.013155,0.911754
134,0.017485,0.018041,0.008692,0.955783
135,0.010129,0.004624,0.006181,0.979066
136,0.002189,0.008012,0.005547,0.984252
137,0.002424,0.018988,0.00966,0.968928
138,0.00391,0.009689,0.007031,0.979369
139,0.006038,0.007716,0.006446,0.979801
140,0.004749,0.006501,0.005388,0.983362
141,0.016254,0.011977,0.016893,0.954876
142,0.007293,0.009287,0.009965,0.973456
143,0.006441,0.009228,0.007658,0.976673
144,0.014512,0.017065,0.025091,0.943333
145,0.0059,0.004926,0.006796,0.982378
146,0.004476,0.029179,0.083535,0.882811
147,0.00362,0.014476,0.128632,0.853272
148,0.003409,0.00836,0.07258,0.915651
149,0.008701,0.026217,0.006049,0.959033
150,0.011352,0.017091,0.009993,0.961565
151,0.002716,0.025109,0.077588,0.894587
152,0.009567,0.012994,0.008593,0.968846
153,0.027641,0.007306,0.008835,0.956219
154,0.003687,0.046243,0.019284,0.930787
155,0.005906,0.025623,0.017895,0.950576
156,0.002982,0.005864,0.003448,0.987706
157,0.005289,0.007371,0.00534,0.982
158,0.008957,0.01508,0.004907,0.971056
159,0.004717,0.009403,0.007581,0.978299
160,0.008342,0.013595,0.009215,0.968848
161,0.00449,0.016139,0.017214,0.962157
162,0.004304,0.051915,0.030443,0.913337
163,0.003713,0.011461,0.008848,0.975978
164,0.006702,0.017051,0.009526,0.966721
165,0.012876,0.01798,0.018027,0.951117
166,0.044113,0.006953,0.036601,0.912332
167,0.043988,0.043402,0.045542,0.867068
168,0.029908,0.213728,0.03598,0.720383
169,0.022922,0.120262,0.036492,0.820324
170,0.015005,0.005679,0.007278,0.972038
171,0.711634,0.004987,0.015868,0.267512
172,0.053837,0.003838,0.013118,0.929207
173,0.014012,0.008086,0.015503,0.962399
174,0.006909,0.00888,0.010561,0.97365
175,0.008187,0.008812,0.010908,0.972093
176,0.095538,0.009758,0.01027,0.884435
177,0.030222,0.008492,0.004891,0.956394
178,0.003065,0.018898,0.013654,0.964384
179,0.002204,0.008706,0.010776,0.978314
180,0.003339,0.00766,0.010157,0.978844
181,0.011083,0.007088,0.008351,0.973478
182,0.007684,0.008065,0.008635,0.975615
183,0.00219,0.007124,0.004043,0.986643
184,0.005599,0.035283,0.022058,0.93706
185,0.006432,0.010302,0.008479,0.974788
186,0.022546,0.017008,0.012281,0.948165
187,0.010174,0.012969,0.009773,0.967084
188,0.005961,0.030265,0.428119,0.535656
189,0.004113,0.009241,0.002309,0.984337
190,0.005177,0.018599,0.010008,0.966216
191,0.002766,0.020374,0.010234,0.966627
192,0.007062,0.013549,0.014848,0.964541
193,0.00702,0.011512,0.006292,0.975176
194,0.004147,0.008379,0.003545,0.983929
195,0.002428,0.015356,0.003204,0.979012
196,0.01894,0.028558,0.020635,0.931866
197,0.055682,0.005109,0.014604,0.924605
198,0.374484,0.005196,0.010302,0.610017
199,0.006375,0.04342,0.303207,0.646998
200,0.003948,0.017436,0.601954,0.376663
201,0.006172,0.008555,0.00862,0.976653
202,0.689697,0.00424,0.008575,0.297488
203,0.970687,0.000927,0.003143,0.025243
204,0.019155,0.028949,0.012451,0.939444
205,0.005923,0.007573,0.010032,0.976473
206,0.014469,0.007094,0.007752,0.970685
207,0.006207,0.004673,0.028051,0.961069
208,0.014653,0.017387,0.021161,0.946799
209,0.003927,0.008116,0.008624,0.979332
210,0.004842,0.03194,0.011187,0.952031
211,0.004541,0.017157,0.008052,0.97025
212,0.004448,0.005657,0.017782,0.972113
213,0.020546,0.028914,0.489166,0.461373
214,0.017727,0.04475,0.123663,0.813859
215,0.004916,0.006162,0.008083,0.980839
216,0.003043,0.085027,0.168446,0.743483
217,0.007151,0.037343,0.132438,0.823068
218,0.009601,0.045123,0.039282,0.905995
219,0.003219,0.018289,0.015109,0.963382
220,0.00549,0.013822,0.025618,0.955069
221,0.012309,0.008744,0.012428,0.966519
222,0.006198,0.043734,0.066622,0.883447
223,0.006513,0.033444,0.010812,0.949231
224,0.002607,0.028186,0.014675,0.954532
225,0.014569,0.010002,0.037262,0.938168
226,0.015341,0.009307,0.009656,0.965696
227,0.01895,0.018625,0.011462,0.950964
228,0.021268,0.010704,0.332262,0.635766
229,0.003989,0.005277,0.011071,0.979664
230,0.003096,0.007742,0.004751,0.984411
231,0.005141,0.013627,0.008337,0.972896
232,0.007475,0.010666,0.020857,0.961002
233,0.004865,0.005756,0.004704,0.984675
234,0.004792,0.007725,0.005642,0.981841
235,0.019816,0.022592,0.007473,0.950119
236,0.02856,0.013253,0.055586,0.902601
237,0.013649,0.003353,0.907278,0.075721
238,0.028602,0.00592,0.051733,0.913746
239,0.043366,0.066185,0.012673,0.877776
240,0.077069,0.02021,0.005265,0.897455
241,0.026103,0.007716,0.003238,0.962943
242,0.011563,0.005069,0.026409,0.95696
243,0.011032,0.011123,0.011588,0.966257
244,0.011158,0.004245,0.003653,0.980944
245,0.003159,0.004135,0.004575,0.988131
246,0.00408,0.008347,0.010119,0.977454
247,0.003395,0.005425,0.005785,0.985395
248,0.018831,0.011362,0.024241,0.945566
249,0.025861,0.297923,0.285113,0.391103
250,0.012405,0.011064,0.007655,0.968875
251,0.021389,0.014652,0.023799,0.94016
252,0.220104,0.008553,0.020296,0.751046
253,0.004723,0.010554,0.015075,0.969648
254,0.004279,0.017478,0.008719,0.969523
255,0.021597,0.095158,0.005643,0.877601
256,0.003537,0.034729,0.005809,0.955925
257,0.004672,0.008917,0.055476,0.930936
258,0.003198,0.017245,0.01739,0.962166
259,0.002803,0.051024,0.005447,0.940727
260,0.002625,0.009044,0.010687,0.977644
261,0.007611,0.038487,0.01533,0.938571
262,0.008619,0.051355,0.016278,0.923747
263,0.005816,0.016055,0.006242,0.971887
264,0.010678,0.01975,0.015443,0.954128
265,0.013867,0.094228,0.102664,0.789242
266,0.004325,0.024939,0.007683,0.963053
267,0.005014,0.037869,0.006662,0.950455
268,0.003376,0.006577,0.005312,0.984735
269,0.00347,0.006029,0.005901,0.9846
270,0.009413,0.011131,0.011137,0.968319
271,0.007003,0.019755,0.015236,0.958006
272,0.007424,0.008515,0.005216,0.978845
273,0.096555,0.022971,0.008308,0.872166
274,0.002125,0.305949,0.052395,0.63953
275,0.001704,0.014512,0.513705,0.470079
276,0.002052,0.460808,0.088357,0.448783
277,0.003427,0.108854,0.04724,0.840479
278,0.004215,0.009404,0.022032,0.964348
279,0.009984,0.007441,0.029979,0.952596
280,0.005002,0.033941,0.218217,0.74284
281,0.008558,0.00726,0.052101,0.932082
282,0.012937,0.006464,0.06858,0.912019
283,0.006024,0.012508,0.048656,0.932811
284,0.011371,0.009832,0.089052,0.889746
285,0.005523,0.004862,0.008575,0.981039
286,0.069542,0.029813,0.059862,0.840784
287,0.06249,0.106097,0.007098,0.824316
288,0.032056,0.077177,0.020766,0.870001
289,0.00514,0.023912,0.062004,0.908944
290,0.002562,0.001925,0.916464,0.079049
291,0.003793,0.006363,0.005551,0.984293
292,0.020116,0.050832,0.066404,0.862649
293,0.008068,0.028232,0.024314,0.939386
294,0.002923,0.027742,0.010031,0.959304
295,0.003184,0.005211,0.003017,0.988588
296,0.002,0.010426,0.003462,0.984113
297,0.00215,0.006922,0.003751,0.987177
298,0.007861,0.011344,0.005331,0.975464
299,0.474725,0.006592,0.014295,0.504388
300,0.004611,0.00426,0.008807,0.982322
301,0.002132,0.011824,0.005962,0.980083
302,0.009395,0.056267,0.034178,0.90016
303,0.002309,0.009924,0.007512,0.980256
304,0.005473,0.010943,0.005512,0.978073
305,0.010858,0.019554,0.008124,0.961463
306,0.002599,0.010233,0.009833,0.977335
307,0.006647,0.003882,0.003054,0.986416
308,0.012227,0.01724,0.015374,0.955158
309,0.013218,0.079642,0.034439,0.872702
310,0.009652,0.06995,0.073786,0.846612
311,0.007865,0.008942,0.014584,0.968609
312,0.012156,0.008641,0.022784,0.956419
313,0.031447,0.012366,0.023437,0.93275
314,0.00519,0.011575,0.005706,0.977529
315,0.003914,0.007343,0.005007,0.983736
316,0.009346,0.041139,0.034958,0.914557
317,0.003337,0.010493,0.007059,0.979111
318,0.003637,0.019853,0.013184,0.963326
319,0.003162,0.011426,0.002886,0.982525
320,0.002464,0.008532,0.004167,0.984837
321,0.002945,0.010128,0.006939,0.979987
322,0.003948,0.012915,0.005013,0.978123
323,0.009659,0.033007,0.018736,0.938597
324,0.021452,0.054208,0.018179,0.906161
325,0.055694,0.130364,0.027111,0.78683
326,0.006172,0.015274,0.007418,0.971136
327,0.008879,0.00977,0.008749,0.972603
328,0.023533,0.042049,0.010499,0.923919
329,0.008945,0.070343,0.059796,0.860916
330,0.004584,0.020448,0.022533,0.952435
331,0.010811,0.017402,0.049181,0.922605
332,0.010172,0.023795,0.225924,0.740109
333,0.004408,0.012,0.729805,0.253788
334,0.024193,0.072077,0.042647,0.861083
335,0.008643,0.014621,0.010032,0.966704
336,0.002932,0.010878,0.005847,0.980343
337,0.022545,0.023474,0.017347,0.936634
338,0.00348,0.008791,0.005458,0.982271
339,0.004491,0.006908,0.007348,0.981254
340,0.015774,0.029501,0.024544,0.93018
341,0.020537,0.057715,0.082462,0.839286
342,0.04222,0.016999,0.11314,0.827641
343,0.144765,0.011294,0.010479,0.833462
344,0.004244,0.008932,0.002844,0.983981
345,0.003394,0.005402,0.00401,0.987195
346,0.045283,0.016571,0.01806,0.920086
347,0.008885,0.011928,0.055497,0.92369
348,0.772607,0.004169,0.002829,0.220395
349,0.783207,0.003308,0.002848,0.210636
350,0.009613,0.011357,0.030918,0.948112
351,0.048307,0.019047,0.041048,0.891599
352,0.00283,0.015247,0.016628,0.965295
353,0.002688,0.007742,0.017362,0.972208
354,0.004266,0.008678,0.018981,0.968075
355,0.003082,0.01581,0.009383,0.971725
356,0.00281,0.016062,0.008902,0.972227
357,0.004541,0.038712,0.009652,0.947096
358,0.004397,0.022806,0.013689,0.959108
359,0.023736,0.005931,0.006999,0.963333
360,0.245778,0.05333,0.007626,0.693267
361,0.162616,0.254828,0.012101,0.570455
362,0.003517,0.021942,0.00562,0.96892
363,0.004886,0.043135,0.027713,0.924266
364,0.016782,0.038471,0.067415,0.877332
365,0.063387,0.057348,0.140022,0.739244
366,0.014506,0.047716,0.031721,0.906058
367,0.003192,0.006534,0.004135,0.986138
368,0.006408,0.031811,0.014169,0.947613
369,0.009691,0.024896,0.008971,0.956442
370,0.010375,0.014389,0.004039,0.971197
371,0.007093,0.016966,0.015697,0.960244
372,0.009404,0.005681,0.840458,0.144457
373,0.003496,0.017626,0.414875,0.564003
374,0.037638,0.011752,0.034905,0.915705
375,0.034493,0.006977,0.069483,0.889047
376,0.007411,0.011459,0.018956,0.962173
377,0.036194,0.030766,0.008576,0.924464
378,0.020941,0.02676,0.014544,0.937755
379,0.009494,0.034402,0.064079,0.892025
380,0.229166,0.018022,0.007272,0.74554
381,0.090618,0.06183,0.015253,0.832299
382,0.019296,0.011234,0.011234,0.958236
383,0.018912,0.029577,0.039869,0.911642
384,0.058521,0.009149,0.004402,0.927929
385,0.067252,0.041016,0.191685,0.700047
386,0.006777,0.072545,0.080037,0.840642
387,0.001511,0.006976,0.001912,0.989602
388,0.001651,0.009097,0.002342,0.986909
389,0.002382,0.008926,0.010408,0.978285
390,0.048787,0.008639,0.018865,0.923709
391,0.004722,0.009332,0.010296,0.97565
392,0.011778,0.006535,0.036614,0.945074
393,0.007341,0.028038,0.02654,0.93808
394,0.002788,0.007827,0.007992,0.981393
395,0.00705,0.017627,0.024786,0.950537
396,0.011121,0.02782,0.015335,0.945724
397,0.013067,0.156548,0.071411,0.758973
398,0.014805,0.007725,0.059556,0.917913
399,0.010701,0.01092,0.015683,0.962696
400,0.013829,0.014164,0.021662,0.950345
401,0.043888,0.007223,0.007897,0.940993
402,0.017364,0.020762,0.020036,0.941838
403,0.010084,0.051545,0.034642,0.903729
404,0.009355,0.048232,0.043003,0.89941
405,0.009437,0.005459,0.016282,0.968823
406,0.005418,0.011131,0.047987,0.935464
407,0.003873,0.009342,0.003074,0.983711
408,0.008516,0.006642,0.004358,0.980485
409,0.005415,0.01519,0.004322,0.975072
410,0.014214,0.013906,0.008825,0.963055
411,0.01093,0.012371,0.029224,0.947476
412,0.024521,0.008491,0.034277,0.932712
413,0.002956,0.006762,0.008406,0.981876
414,0.00248,0.009947,0.005465,0.982108
415,0.010814,0.12024,0.038021,0.830926
416,0.024622,0.162807,0.04264,0.76993
417,0.0019,0.018056,0.005009,0.975035
418,0.003558,0.039911,0.012187,0.944344
419,0.004247,0.00491,0.014507,0.976336
420,0.00894,0.015457,0.059561,0.916042
421,0.035243,0.009694,0.024586,0.930478
422,0.00817,0.0123,0.029824,0.949706
423,0.025436,0.004327,0.122057,0.848181
424,0.01213,0.006013,0.022771,0.959086
425,0.006689,0.004163,0.004177,0.984971
426,0.00931,0.0157,0.011841,0.96315
427,0.003123,0.005505,0.004163,0.987209
428,0.003244,0.010865,0.004836,0.981054
429,0.004682,0.052488,0.016908,0.925923
430,0.003141,0.016839,0.010643,0.969377
431,0.001822,0.018772,0.043928,0.935478
432,0.052804,0.009107,0.067979,0.87011
433,0.007131,0.010625,0.018779,0.963465
434,0.00591,0.012654,0.040726,0.94071
435,0.018811,0.021266,0.008672,0.951251
436,0.004251,0.024974,0.004696,0.96608
437,0.004743,0.010849,0.005985,0.978423
438,0.007625,0.010904,0.016925,0.964546
439,0.014913,0.005503,0.01877,0.960814
440,0.005762,0.008537,0.00979,0.975911
441,0.002556,0.009037,0.004468,0.983938
442,0.01824,0.009857,0.044253,0.927651
443,0.026143,0.004938,0.039596,0.929323
444,0.05009,0.010732,0.071668,0.86751
445,0.065308,0.009921,0.043258,0.881514
446,0.004931,0.005112,0.014297,0.975659
447,0.005192,0.036105,0.030418,0.928285
448,0.007373,0.035379,0.023566,0.933682
449,0.007302,0.004158,0.00772,0.98082
450,0.00845,0.003581,0.020255,0.967714
451,0.013363,0.011517,0.017066,0.958054
452,0.019673,0.008062,0.042832,0.929433
453,0.494458,0.006074,0.008022,0.491445
454,0.003726,0.009623,0.009101,0.97755
455,0.003728,0.010733,0.019512,0.966027
456,0.003639,0.008119,0.020753,0.967488
457,0.00713,0.003835,0.007713,0.981323
458,0.11439,0.355572,0.057451,0.472587
459,0.828415,0.005612,0.012625,0.153349
460,0.046021,0.011313,0.018293,0.924374
461,0.002047,0.010386,0.004851,0.982715
462,0.271986,0.009304,0.010345,0.708365
463,0.07121,0.008417,0.022706,0.897666
464,0.008602,0.012406,0.044126,0.934866
465,0.003265,0.027328,0.008154,0.961252
466,0.003334,0.014969,0.004042,0.977656
467,0.004396,0.013583,0.002794,0.979226
468,0.005153,0.006579,0.004559,0.983708
469,0.006574,0.047078,0.009454,0.936894
470,0.007316,0.030431,0.018754,0.943498
471,0.196887,0.027955,0.222368,0.55279
472,0.071998,0.075335,0.018713,0.833955
473,0.007173,0.032807,0.013186,0.946833
474,0.008482,0.025724,0.011473,0.95432
475,0.005391,0.007708,0.007489,0.979412
476,0.003128,0.028008,0.005487,0.963377
477,0.003682,0.012954,0.008181,0.975182
478,0.005821,0.01388,0.02061,0.959689
479,0.13218,0.04133,0.003789,0.822701
480,0.003974,0.007838,0.007389,0.980799
481,0.003837,0.008563,0.013692,0.973907
482,0.014078,0.019364,0.054941,0.911618
483,0.006096,0.010206,0.021047,0.962651
484,0.022749,0.004249,0.024138,0.948864
485,0.0063,0.004189,0.004984,0.984526
486,0.024487,0.004954,0.005784,0.964775
487,0.008984,0.00671,0.005067,0.979238
488,0.943568,0.001142,0.003577,0.051714
489,0.96511,0.002635,0.002329,0.029927
490,0.022761,0.028989,0.016688,0.931562
491,0.013503,0.024443,0.015667,0.946388
492,0.148686,0.005598,0.02229,0.823426
493,0.105655,0.063499,0.217075,0.613771
494,0.032799,0.022744,0.041756,0.902701
495,0.068483,0.005261,0.02848,0.897776
496,0.01841,0.015075,0.024026,0.942489
497,0.017833,0.007711,0.048429,0.926027
498,0.056502,0.04175,0.017702,0.884046
499,0.003378,0.008404,0.009588,0.97863
500,0.01193,0.005087,0.010549,0.972435
501,0.022362,0.015643,0.006536,0.955459
502,0.344473,0.005535,0.017248,0.632743
503,0.57913,0.005744,0.016216,0.398909
504,0.062005,0.111187,0.044665,0.782143
505,0.028242,0.01205,0.017001,0.942707
506,0.00517,0.020354,0.021301,0.953174
507,0.008783,0.044013,0.028514,0.91869
508,0.007463,0.018631,0.02167,0.952236
509,0.009598,0.019062,0.203666,0.767674
510,0.010674,0.027054,0.190832,0.77144
511,0.01618,0.08068,0.095274,0.807865
512,0.018297,0.053162,0.147515,0.781026
513,0.010752,0.009897,0.010356,0.968995
514,0.129132,0.006116,0.012705,0.852047
515,0.011215,0.037456,0.196865,0.754464
516,0.009312,0.067513,0.216874,0.706301
517,0.005565,0.011301,0.012066,0.971067
518,0.003213,0.011643,0.003793,0.981352
519,0.003349,0.008996,0.004156,0.983499
520,0.010001,0.016306,0.014763,0.95893
521,0.02719,0.013338,0.022619,0.936853
522,0.00661,0.011738,0.017162,0.964489
523,0.007542,0.049983,0.025005,0.91747
524,0.004767,0.014392,0.00316,0.977681
525,0.003873,0.012069,0.006686,0.977373
526,0.009552,0.005253,0.009616,0.975579
527,0.010904,0.018358,0.046123,0.924615
528,0.003517,0.03404,0.028308,0.934134
529,0.003475,0.010669,0.004554,0.981302
530,0.004827,0.013325,0.010394,0.971454
531,0.012032,0.015309,0.018777,0.953881
532,0.007415,0.015285,0.023824,0.953476
533,0.009737,0.023666,0.11491,0.851687
534,0.01055,0.069198,0.196533,0.723719
535,0.001919,0.038932,0.027123,0.932027
536,0.003783,0.01163,0.005752,0.978835
537,0.076391,0.010419,0.007397,0.905793
538,0.007716,0.003582,0.008032,0.98067
539,0.007586,0.007633,0.00885,0.97593
540,0.004771,0.012925,0.011099,0.971205
541,0.00515,0.012397,0.016957,0.965496
542,0.008977,0.00597,0.041023,0.94403
543,0.012249,0.00444,0.009063,0.974248
544,0.065391,0.007445,0.006607,0.920557
545,0.016873,0.021532,0.008538,0.953056
546,0.003611,0.014671,0.004515,0.977203
547,0.007797,0.013769,0.025751,0.952683
548,0.004877,0.008669,0.009505,0.976949
549,0.005173,0.03801,0.129964,0.826853
550,0.009267,0.019455,0.02681,0.944469
551,0.010129,0.026056,0.015342,0.948473
552,0.024178,0.047268,0.045448,0.883106
553,0.044316,0.023927,0.044565,0.887192
554,0.090353,0.006159,0.01008,0.893408
555,0.004165,0.008334,0.004333,0.983168
556,0.015185,0.023253,0.020965,0.940598
557,0.010759,0.008858,0.026075,0.954309
558,0.003615,0.018719,0.031867,0.9458
559,0.007718,0.02331,0.021322,0.94765
560,0.00828,0.02831,0.028295,0.935114
561,0.009927,0.056972,0.027708,0.905393
562,0.007262,0.034835,0.008065,0.949838
563,0.020303,0.010024,0.004574,0.965099
564,0.007335,0.008867,0.005,0.978799
565,0.003184,0.019362,0.022965,0.954489
566,0.005195,0.0095,0.009413,0.975891
567,0.003613,0.009182,0.006687,0.980517
568,0.005236,0.006448,0.007323,0.980993
569,0.0064,0.008741,0.008039,0.97682
570,0.004412,0.009996,0.013684,0.971908
571,0.007458,0.014388,0.006297,0.971857
572,0.010695,0.025438,0.008704,0.955162
573,0.043303,0.008859,0.004135,0.943702
574,0.011639,0.013054,0.120831,0.854476
575,0.011064,0.010519,0.042556,0.935861
576,0.576145,0.005644,0.006361,0.41185
577,0.947026,0.001874,0.024734,0.026366
578,0.03498,0.024303,0.198867,0.741849
579,0.035487,0.013701,0.005562,0.945251
580,0.006998,0.012057,0.013116,0.967829
581,0.037847,0.009509,0.04146,0.911184
582,0.033889,0.018085,0.067221,0.880805
583,0.061233,0.006851,0.011691,0.920224
584,0.175086,0.006039,0.008214,0.810661
585,0.006499,0.008053,0.028339,0.95711
586,0.007994,0.008097,0.01566,0.968249
587,0.016188,0.015854,0.010453,0.957505
588,0.012169,0.005838,0.020075,0.961919
589,0.889548,0.001501,0.016365,0.092585
590,0.04126,0.003054,0.006191,0.949495
591,0.022376,0.005717,0.006622,0.965286
592,0.017118,0.004762,0.011671,0.966449
593,0.012715,0.012896,0.030417,0.943972
594,0.00681,0.005399,0.016511,0.97128
595,0.008189,0.004858,0.511496,0.475457
596,0.011835,0.030517,0.158718,0.798931
597,0.036504,0.038679,0.042091,0.882727
598,0.03358,0.041682,0.402574,0.522163
599,0.005497,0.004077,0.00796,0.982466
600,0.005967,0.01405,0.015104,0.964879
601,0.006599,0.035534,0.292818,0.66505
602,0.011267,0.032386,0.087273,0.869075
603,0.003979,0.005922,0.007277,0.982822
604,0.003866,0.005979,0.024095,0.966061
605,0.014097,0.004507,0.117453,0.863943
606,0.005862,0.020463,0.102609,0.871065
607,0.009059,0.029317,0.144319,0.817304
608,0.004851,0.012374,0.520308,0.462468
609,0.011329,0.005669,0.029072,0.95393
610,0.025767,0.071357,0.014365,0.888511
611,0.07622,0.102037,0.01369,0.808053
612,0.534991,0.012036,0.056162,0.396811
613,0.634958,0.029838,0.044664,0.29054
614,0.007532,0.014475,0.0055,0.972492
615,0.004131,0.020066,0.009576,0.966227
616,0.004057,0.019602,0.021482,0.95486
617,0.010953,0.032685,0.015679,0.940683
618,0.018969,0.042737,0.010403,0.92789
619,0.167896,0.023582,0.012174,0.796348
620,0.006144,0.009224,0.003455,0.981177
621,0.009961,0.009779,0.006255,0.974005
622,0.003387,0.010769,0.007801,0.978043
623,0.002977,0.013867,0.0073,0.975856
624,0.002661,0.007123,0.012131,0.978085
625,0.006264,0.009193,0.014515,0.970028
626,0.01697,0.014737,0.007866,0.960427
627,0.028518,0.011085,0.09525,0.865148
628,0.062926,0.026784,0.056374,0.853916
629,0.051264,0.023254,0.033097,0.892385
630,0.118719,0.008203,0.019736,0.853342
631,0.008568,0.012662,0.00784,0.970929
632,0.007053,0.006007,0.01584,0.971101
633,0.094876,0.012099,0.083871,0.809154
634,0.012869,0.235644,0.099541,0.651946
635,0.015315,0.021817,0.014286,0.948582
636,0.010296,0.009358,0.023571,0.956776
637,0.001204,0.109499,0.006774,0.882523
638,0.018785,0.077995,0.008624,0.894595
639,0.012915,0.093598,0.018521,0.874966
640,0.02225,0.026581,0.00562,0.945549
641,0.011719,0.019719,0.020998,0.947565
642,0.003398,0.005269,0.015228,0.976105
643,0.039695,0.009442,0.008091,0.942773
644,0.6478,0.007652,0.00977,0.334778
645,0.110837,0.007013,0.005132,0.877018
646,0.005959,0.008281,0.006522,0.979238
647,0.029423,0.031283,0.007832,0.931463
648,0.010649,0.014677,0.015036,0.959639
649,0.007967,0.031333,0.006053,0.954647
650,0.007705,0.041736,0.008091,0.942468
651,0.08012,0.050676,0.015412,0.853792
652,0.070419,0.078372,0.012926,0.838283
653,0.004314,0.009657,0.021453,0.964576
654,0.036372,0.006897,0.009918,0.946813
655,0.05443,0.006256,0.01547,0.923844
656,0.01122,0.015562,0.007595,0.965623
657,0.012994,0.006653,0.012949,0.967404
658,0.015929,0.01126,0.017939,0.954872
659,0.112226,0.004381,0.006675,0.876718
660,0.499729,0.013105,0.006473,0.480694
661,0.760175,0.005613,0.007487,0.226725
662,0.004708,0.008615,0.013846,0.972831
663,0.002441,0.005771,0.018399,0.973389
664,0.23515,0.008397,0.026396,0.730057
665,0.209394,0.006529,0.029848,0.754229
666,0.007165,0.015808,0.030462,0.946566
667,0.002962,0.024989,0.012856,0.959192
668,0.003349,0.01584,0.013032,0.967778
669,0.06649,0.052405,0.022962,0.858143
670,0.010574,0.003636,0.005592,0.980197
671,0.013979,0.006584,0.005008,0.974429
672,0.018983,0.008878,0.009359,0.96278
673,0.013993,0.007533,0.010956,0.967518
674,0.02723,0.006602,0.027693,0.938475
675,0.011407,0.009056,0.085198,0.894338
676,0.002939,0.013243,0.007369,0.97645
677,0.001989,0.008503,0.004244,0.985264
678,0.003497,0.010618,0.028392,0.957492
679,0.004206,0.010409,0.007841,0.977544
680,0.005986,0.07129,0.033687,0.889037
681,0.002694,0.019272,0.01248,0.965554
682,0.031794,0.016885,0.011912,0.939409
683,0.054509,0.028072,0.05614,0.861279
684,0.05829,0.207898,0.19163,0.542183
685,0.015467,0.02192,0.008503,0.954111
686,0.027155,0.018621,0.018163,0.936061
687,0.155708,0.023931,0.018852,0.801509
688,0.00931,0.042145,0.026826,0.92172
689,0.006037,0.006678,0.007643,0.979641
690,0.006028,0.006573,0.033788,0.953612
691,0.670108,0.006243,0.010477,0.313171
692,0.183346,0.011163,0.01157,0.793922
693,0.004698,0.005238,0.008691,0.981372
694,0.016777,0.018867,0.012628,0.951728
695,0.012024,0.011135,0.005984,0.970858
696,0.014329,0.025602,0.154529,0.80554
697,0.018688,0.021535,0.063075,0.896701
698,0.002401,0.039606,0.4175,0.540493
699,0.000595,0.09715,0.031783,0.870472
700,0.02635,0.023166,0.021474,0.92901
701,0.013239,0.007919,0.006546,0.972296
702,0.005911,0.01105,0.018367,0.964672
703,0.004647,0.035331,0.017968,0.942054
704,0.003891,0.023082,0.040054,0.932973
705,0.005143,0.039222,0.008484,0.947151
706,0.005196,0.021393,0.005612,0.967799
707,0.011525,0.00657,0.004058,0.977847
708,0.003027,0.006832,0.007018,0.983123
709,0.002168,0.025061,0.050154,0.922617
710,0.004257,0.063712,0.028347,0.903684
711,0.010905,0.073667,0.061442,0.853986
712,0.015213,0.067114,0.010707,0.906966
713,0.002886,0.019163,0.006673,0.971278
714,0.01927,0.013914,0.011178,0.955638
715,0.108782,0.016022,0.017687,0.85751
716,0.015473,0.010795,0.006411,0.967321
717,0.023445,0.007111,0.012044,0.957401
718,0.209201,0.004661,0.1072,0.678939
719,0.095953,0.006682,0.027706,0.86966
720,0.030713,0.007794,0.022481,0.939012
721,0.566516,0.008764,0.011654,0.413067
722,0.809975,0.005272,0.004667,0.180086
723,0.017823,0.004063,0.00696,0.971153
724,0.023735,0.015519,0.014442,0.946305
725,0.034382,0.004164,0.014206,0.947248
726,0.016312,0.006657,0.004104,0.972927
727,0.007259,0.01221,0.008319,0.972212
728,0.00696,0.012278,0.011667,0.969095
729,0.006152,0.029261,0.014671,0.949916
730,0.005623,0.016577,0.00549,0.97231
731,0.016982,0.025994,0.008175,0.948849
732,0.012775,0.034154,0.010232,0.942839
733,0.01234,0.014466,0.009304,0.96389
734,0.393775,0.010246,0.009557,0.586422
735,0.101475,0.018292,0.003845,0.876388
736,0.008457,0.00691,0.005061,0.979571
737,0.033794,0.027494,0.0128,0.925911
738,0.111673,0.007862,0.005785,0.87468
739,0.006407,0.007821,0.007286,0.978486
740,0.003932,0.016708,0.010765,0.968595
741,0.019916,0.008549,0.013869,0.957666
742,0.004811,0.010148,0.004586,0.980455
743,0.005476,0.018779,0.012612,0.963133
744,0.012889,0.038105,0.170838,0.778167
745,0.004174,0.026952,0.008802,0.960072
746,0.003373,0.025707,0.027705,0.943215
747,0.022305,0.00808,0.016151,0.953464
748,0.049368,0.02088,0.134247,0.795505
749,0.028085,0.021086,0.279851,0.670978
750,0.008883,0.018479,0.031749,0.940889
751,0.005414,0.019073,0.01443,0.961083
752,0.006241,0.01093,0.005043,0.977787
753,0.13464,0.006114,0.016457,0.842789
754,0.00363,0.012887,0.022681,0.960803
755,0.003923,0.101055,0.010814,0.884208
756,0.003629,0.01997,0.007896,0.968505
757,0.004442,0.023878,0.004313,0.967367
758,0.013662,0.088375,0.007291,0.890672
759,0.171372,0.015238,0.024387,0.789003
760,0.612553,0.009752,0.020352,0.357343
761,0.664316,0.01164,0.011221,0.312823
762,0.003746,0.013347,0.01846,0.964447
763,0.019083,0.006618,0.021198,0.953101
764,0.007673,0.009169,0.017493,0.965664
765,0.025515,0.008688,0.00345,0.962347
766,0.005423,0.0653,0.032609,0.896668
767,0.040654,0.027583,0.029077,0.902687
768,0.017196,0.008081,0.008936,0.965788
769,0.002737,0.007518,0.005368,0.984377
770,0.00998,0.009526,0.012792,0.967702
771,0.008599,0.009814,0.003311,0.978276
772,0.011366,0.007565,0.007825,0.973245
773,0.020095,0.012656,0.00741,0.95984
774,0.005431,0.012236,0.016031,0.966302
775,0.004068,0.024961,0.005881,0.965091
776,0.006597,0.017434,0.005143,0.970826
777,0.010801,0.011201,0.007335,0.970663
778,0.036459,0.005841,0.008386,0.949314
779,0.015924,0.007059,0.016364,0.960653
780,0.058675,0.023349,0.056046,0.86193
781,0.00614,0.006239,0.901701,0.085919
782,0.009703,0.010001,0.422495,0.5578
783,0.137111,0.004394,0.037696,0.820799
784,0.183672,0.006132,0.034535,0.775661
785,0.019074,0.049419,0.021622,0.909885
786,0.082409,0.010359,0.006974,0.900257
787,0.081554,0.009622,0.011388,0.897436
788,0.037325,0.021431,0.019845,0.9214
789,0.011729,0.005218,0.009509,0.973544
790,0.007236,0.004589,0.004733,0.983442
791,0.068713,0.003734,0.01236,0.915193
792,0.018974,0.010434,0.006595,0.963997
793,0.056001,0.009646,0.004781,0.929571
794,0.805868,0.008259,0.014243,0.17163
795,0.010069,0.005711,0.02192,0.9623
796,0.008029,0.023492,0.081605,0.886874
797,0.002472,0.008825,0.009077,0.979626
798,0.005765,0.032156,0.199524,0.762554
799,0.008584,0.02945,0.05048,0.911486
800,0.024202,0.022419,0.010827,0.942552
801,0.007861,0.008519,0.015546,0.968074
802,0.012137,0.013659,0.011672,0.962533
803,0.01153,0.010333,0.009496,0.968642
804,0.004389,0.019242,0.006741,0.969629
805,0.002843,0.009989,0.012376,0.974792
806,0.005417,0.016617,0.16967,0.808296
807,0.176549,0.060619,0.277253,0.48558
808,0.034908,0.144802,0.045431,0.774858
809,0.005037,0.017739,0.007367,0.969857
810,0.011567,0.017983,0.025306,0.945144
811,0.014711,0.009706,0.02092,0.954663
812,0.089462,0.004755,0.03189,0.873893
813,0.012574,0.007319,0.02213,0.957976
814,0.015185,0.006174,0.010115,0.968526
815,0.003771,0.05211,0.008449,0.93567
816,0.009314,0.006777,0.009594,0.974316
817,0.006365,0.006821,0.009347,0.977467
818,0.004222,0.500197,0.103091,0.392491
819,0.008322,0.505344,0.143554,0.342781
820,0.001626,0.016752,0.011027,0.970596
821,0.002999,0.036825,0.163392,0.796784
822,0.011908,0.007862,0.003949,0.976281
823,0.007882,0.008927,0.00632,0.976871
824,0.006665,0.009239,0.010363,0.973733
825,0.00806,0.006711,0.01207,0.973159
826,0.009471,0.01191,0.087139,0.891479
827,0.002968,0.015095,0.003923,0.978014
828,0.019461,0.008899,0.015395,0.956244
829,0.035934,0.006522,0.013453,0.944092
830,0.019174,0.008175,0.007794,0.964856
831,0.009352,0.005637,0.009945,0.975067
832,0.018773,0.026222,0.122236,0.832769
833,0.015425,0.007086,0.015427,0.962062
834,0.011832,0.004982,0.015421,0.967765
835,0.002857,0.007462,0.008702,0.980978
836,0.00237,0.017009,0.010237,0.970383
837,0.004335,0.017497,0.012737,0.96543
838,0.034099,0.006175,0.006541,0.953184
839,0.016111,0.007655,0.00445,0.971784
840,0.007817,0.014356,0.009398,0.968429
841,0.00515,0.011589,0.005644,0.977618
842,0.005175,0.014458,0.005838,0.974528
843,0.005692,0.005785,0.019168,0.969354
844,0.030718,0.103481,0.00989,0.855912
845,0.159528,0.120197,0.018495,0.70178
846,0.543729,0.037886,0.043628,0.374757
847,0.01536,0.039703,0.035052,0.909885
848,0.003582,0.012564,0.007075,0.976779
849,0.005533,0.005294,0.005368,0.983804
850,0.007262,0.020796,0.014711,0.957231
851,0.005714,0.013433,0.024844,0.956009
852,0.02409,0.005426,0.012159,0.958324
853,0.013676,0.018105,0.031304,0.936916
854,0.030754,0.074538,0.100601,0.794106
855,0.004052,0.013754,0.006652,0.975542
856,0.035269,0.020378,0.006621,0.937731
857,0.011738,0.104176,0.473549,0.410537
858,0.002377,0.015353,0.021526,0.960744
859,0.007083,0.030895,0.007326,0.954696
860,0.007311,0.05269,0.018466,0.921534
861,0.035591,0.005459,0.005784,0.953166
862,0.001504,0.00562,0.003014,0.989862
863,0.006909,0.022579,0.021806,0.948706
864,0.00639,0.046125,0.129378,0.818107
865,0.012449,0.024917,0.019876,0.942758
866,0.003699,0.007638,0.002685,0.985978
867,0.002847,0.012623,0.003791,0.980739
868,0.004412,0.019149,0.00782,0.968619
869,0.006213,0.01092,0.002454,0.980413
870,0.006958,0.025018,0.052901,0.915123
871,0.012509,0.02429,0.01653,0.946671
872,0.007394,0.015327,0.00522,0.972059
873,0.004174,0.016229,0.002482,0.977115
874,0.104404,0.009813,0.011499,0.874285
875,0.04775,0.008181,0.007044,0.937026
876,0.01622,0.014641,0.008505,0.960635
877,0.820672,0.018442,0.008619,0.152267
878,0.297688,0.032222,0.017712,0.652378
879,0.000837,0.190308,0.057174,0.751681
880,0.285954,0.029175,0.009336,0.675535
881,0.041266,0.006597,0.019821,0.932316
882,0.010946,0.012849,0.016155,0.960051
883,0.008501,0.019792,0.027083,0.944624
884,0.002925,0.0079,0.036055,0.95312
885,0.002905,0.011784,0.140632,0.844679
886,0.00503,0.006515,0.003942,0.984514
887,0.005668,0.092025,0.045246,0.857061
888,0.038139,0.074792,0.310761,0.576308
889,0.007079,0.018524,0.014462,0.959936
890,0.0038,0.086838,0.018045,0.891317
891,0.004802,0.70118,0.023412,0.270606
892,0.001888,0.863829,0.007277,0.127007
893,0.003529,0.013577,0.006072,0.976822
894,0.016537,0.034884,0.037284,0.911295
895,0.006581,0.022888,0.00851,0.962021
896,0.01902,0.011321,0.055438,0.914221
897,0.003434,0.015095,0.01883,0.962641
898,0.005596,0.208149,0.073099,0.713157
899,0.002066,0.010854,0.008331,0.978749
900,0.001935,0.010924,0.005526,0.981615
901,0.002319,0.055617,0.009724,0.93234
902,0.002499,0.026733,0.719401,0.251367
903,0.013369,0.034416,0.043995,0.90822
904,0.003598,0.10875,0.251148,0.636504
905,0.003301,0.087716,0.620181,0.288803
906,0.002792,0.026198,0.007131,0.963879
907,0.005054,0.019463,0.012198,0.963285
908,0.003632,0.006083,0.008884,0.981401
909,0.00372,0.10505,0.197068,0.694162
910,0.007351,0.117149,0.228263,0.647236
911,0.004946,0.140493,0.133638,0.720923
912,0.007817,0.207173,0.067841,0.717169
913,0.013784,0.107948,0.052686,0.825582
914,0.010492,0.12708,0.029943,0.832486
915,0.012673,0.009728,0.002709,0.97489
916,0.006997,0.015074,0.010274,0.967655
917,0.004468,0.006631,0.013636,0.975266
918,0.06561,0.004425,0.009797,0.920168
919,0.116762,0.009068,0.007361,0.866808
920,0.154955,0.007298,0.005347,0.8324
921,0.017437,0.015558,0.011716,0.955289
922,0.008393,0.014927,0.00248,0.9742
923,0.004601,0.005343,0.006185,0.983871
924,0.00867,0.008752,0.007691,0.974887
925,0.002003,0.03398,0.005535,0.958482
926,0.002189,0.0523,0.008679,0.936832
927,0.003061,0.011586,0.033339,0.952015
928,0.00366,0.015846,0.00812,0.972375
929,0.004844,0.005717,0.009198,0.98024
930,0.006505,0.007387,0.007144,0.978963
931,0.007061,0.022989,0.017311,0.952639
932,0.005747,0.018192,0.016174,0.959887
933,0.017728,0.022816,0.070748,0.888708
934,0.007235,0.00832,0.019868,0.964577
935,0.003204,0.009274,0.00785,0.979672
936,0.00361,0.020038,0.007658,0.968694
937,0.003968,0.052411,0.020886,0.922734
938,0.00309,0.023419,0.01486,0.95863
939,0.002848,0.008945,0.003332,0.984875
940,0.007005,0.006918,0.021287,0.964789
941,0.046084,0.008115,0.011717,0.934084
942,0.008439,0.00445,0.008004,0.979107
943,0.004676,0.003762,0.004723,0.986839
944,0.005207,0.007604,0.00514,0.98205
945,0.019973,0.008737,0.006389,0.964901
946,0.01551,0.010228,0.00496,0.969302
947,0.003708,0.005123,0.003431,0.987738
948,0.008658,0.011087,0.010266,0.969989
949,0.008695,0.008377,0.005621,0.977307
950,0.002593,0.011307,0.00781,0.97829
951,0.005068,0.024147,0.024648,0.946136
952,0.002126,0.004412,0.005355,0.988107
953,0.002444,0.018606,0.047634,0.931316
954,0.011906,0.015172,0.00499,0.967932
955,0.003222,0.381835,0.07006,0.544883
956,0.011987,0.434996,0.279696,0.273321
957,0.005545,0.008268,0.013583,0.972603
958,0.005248,0.024317,0.052315,0.918119
959,0.005887,0.020208,0.012493,0.961412
960,0.030339,0.008099,0.021998,0.939564
961,0.012222,0.055083,0.094479,0.838216
962,0.01146,0.008924,0.013706,0.96591
963,0.011451,0.008435,0.009325,0.970789
964,0.040894,0.009562,0.032819,0.916725
965,0.002708,0.14284,0.061157,0.793295
966,0.003218,0.009784,0.141697,0.845301
967,0.019218,0.003276,0.004831,0.972675
968,0.134465,0.01048,0.019868,0.835187
969,0.00758,0.006496,0.028995,0.95693
970,0.004339,0.004127,0.005273,0.986261
971,0.013817,0.008078,0.013656,0.964449
972,0.004629,0.004567,0.012508,0.978296
973,0.003712,0.005446,0.011575,0.979267
974,0.006202,0.00937,0.006949,0.977479
975,0.003535,0.00802,0.004064,0.984381
976,0.004555,0.007888,0.006044,0.981513
977,0.009779,0.017914,0.054293,0.918014
978,0.007921,0.006761,0.010579,0.974739
979,0.003875,0.008167,0.005745,0.982213
980,0.004781,0.014307,0.00381,0.977102
981,0.003682,0.058819,0.035118,0.902381
982,0.00762,0.01149,0.016109,0.964782
983,0.003075,0.017714,0.004931,0.97428
984,0.003461,0.006443,0.008667,0.981429
985,0.003389,0.004908,0.006769,0.984933
986,0.006381,0.005155,0.0033,0.985164
987,0.083099,0.020086,0.001647,0.895168
988,0.145007,0.061584,0.002856,0.790554
989,0.052806,0.045063,0.015772,0.88636
990,0.010879,0.011793,0.022488,0.95484
991,0.00208,0.591497,0.061702,0.344721
992,0.002147,0.514242,0.076576,0.407035
993,0.004478,0.79508,0.053722,0.14672
994,0.040028,0.034778,0.193812,0.731382
995,0.106027,0.007757,0.012399,0.873817
996,0.019156,0.010786,0.010087,0.95997
997,0.00426,0.003814,0.00861,0.983316
998,0.021825,0.004534,0.03339,0.940251
999,0.027523,0.008053,0.018758,0.945666
1000,0.003279,0.015983,0.036074,0.944664
1001,0.00568,0.008974,0.066129,0.919217
1002,0.002537,0.342936,0.05407,0.600457
1003,0.072297,0.018405,0.011058,0.89824
1004,0.085172,0.019409,0.044334,0.851085
1005,0.014435,0.034663,0.12896,0.821942
1006,0.008033,0.046029,0.014765,0.931172
1007,0.004854,0.010387,0.002531,0.982228
1008,0.007225,0.014376,0.008503,0.969896
1009,0.065628,0.004915,0.008833,0.920624
1010,0.127223,0.00868,0.008816,0.855281
1011,0.016853,0.014182,0.004593,0.964372
1012,0.010102,0.023416,0.004571,0.96191
1013,0.015042,0.004537,0.006373,0.974048
1014,0.030167,0.03014,0.008241,0.931452
1015,0.084603,0.015784,0.021322,0.878291
1016,0.071937,0.008556,0.014204,0.905302
1017,0.031772,0.01333,0.0232,0.931697
1018,0.016795,0.02764,0.091699,0.863866
1019,0.007088,0.014629,0.013843,0.964441
1020,0.009406,0.018008,0.00882,0.963767
1021,0.00416,0.007354,0.00426,0.984225
1022,0.012701,0.020604,0.011999,0.954697
1023,0.008202,0.013239,0.009433,0.969126
1024,0.051206,0.005202,0.022368,0.921223
1025,0.010257,0.024432,0.005032,0.96028
1026,0.003917,0.011326,0.00236,0.982397
1027,0.004809,0.04486,0.003989,0.946342
1028,0.009415,0.020793,0.005819,0.963972
1029,0.249973,0.009053,0.027945,0.713029
1030,0.019567,0.007335,0.061783,0.911315
1031,0.013672,0.020709,0.133508,0.832111
1032,0.005595,0.034565,0.08604,0.873801
1033,0.005229,0.012217,0.008256,0.974298
1034,0.007538,0.003528,0.003683,0.985252
1035,0.005106,0.00748,0.007102,0.980312
1036,0.040996,0.06204,0.035817,0.861147
1037,0.048474,0.005612,0.02216,0.923754
1038,0.00394,0.005622,0.00543,0.985008
1039,0.00481,0.004655,0.004348,0.986187
1040,0.01332,0.01304,0.013236,0.960404
1041,0.003841,0.012847,0.02629,0.957023
1042,0.010001,0.005661,0.00925,0.975088
1043,0.022139,0.007703,0.00393,0.966228
1044,0.006608,0.017137,0.009677,0.966578
1045,0.00403,0.002257,0.008843,0.984869
1046,0.006362,0.007873,0.016885,0.968881
1047,0.008047,0.007735,0.076593,0.907625
1048,0.00873,0.005109,0.012661,0.9735
1049,0.003439,0.014365,0.011215,0.970981
1050,0.040837,0.034648,0.010945,0.913569
1051,0.00387,0.148394,0.011659,0.836077
1052,0.003136,0.05361,0.011782,0.931472
1053,0.006337,0.014912,0.033297,0.945454
1054,0.001741,0.011211,0.005393,0.981655
1055,0.008524,0.013728,0.006497,0.971251
1056,0.004427,0.010702,0.004649,0.980222
1057,0.053788,0.024518,0.758345,0.163349
1058,0.186078,0.015283,0.062383,0.736256
1059,0.93801,0.003038,0.006947,0.052005
1060,0.006598,0.007677,0.004766,0.980959
1061,0.003146,0.013805,0.018362,0.964687
1062,0.021591,0.058877,0.078881,0.840651
1063,0.093539,0.120145,0.061095,0.72522
1064,0.023512,0.030217,0.014703,0.931568
1065,0.01132,0.012053,0.009715,0.966912
1066,0.003898,0.019594,0.006789,0.969718
1067,0.004699,0.02189,0.016429,0.956982
1068,0.008978,0.015943,0.027593,0.947486
1069,0.005463,0.02577,0.014456,0.954311
1070,0.002627,0.011357,0.007137,0.978878
1071,0.00832,0.012494,0.016565,0.962621
1072,0.016424,0.019977,0.030677,0.932922
1073,0.005065,0.008795,0.016439,0.969701
1074,0.005734,0.005178,0.013094,0.975995
1075,0.032992,0.025957,0.065421,0.87563
1076,0.009341,0.005828,0.806092,0.17874
1077,0.122192,0.014297,0.016106,0.847405
1078,0.977755,0.001265,0.00229,0.01869
1079,0.72958,0.003356,0.014652,0.252413
1080,0.00882,0.007904,0.018144,0.965132
1081,0.019034,0.004046,0.003731,0.973189
1082,0.005791,0.00452,0.004681,0.985008
1083,0.011985,0.00684,0.013188,0.967987
1084,0.017804,0.044333,0.005543,0.932321
1085,0.022137,0.010471,0.004463,0.96293
1086,0.022971,0.022177,0.005846,0.949006
1087,0.001733,0.00874,0.029772,0.959755
1088,0.002683,0.021732,0.014025,0.96156
1089,0.010387,0.041505,0.013716,0.934393
1090,0.004051,0.011682,0.016176,0.96809
1091,0.003967,0.02569,0.006179,0.964165
1092,0.044164,0.054988,0.012658,0.88819
1093,0.026712,0.027072,0.006704,0.939512
1094,0.029965,0.018123,0.024216,0.927696
1095,0.083242,0.03255,0.005227,0.878981
1096,0.041051,0.016011,0.018502,0.924435
1097,0.001981,0.060507,0.005822,0.931691
1098,0.012133,0.026486,0.003869,0.957512
1099,0.026706,0.011995,0.004807,0.956492
1100,0.006809,0.011357,0.003235,0.978599
1101,0.004242,0.013082,0.00675,0.975926
1102,0.022881,0.034637,0.022756,0.919726
1103,0.039013,0.03743,0.025085,0.898472
1104,0.005414,0.00478,0.006346,0.983459
1105,0.010392,0.049136,0.004798,0.935674
1106,0.00786,0.011005,0.006843,0.974291
1107,0.00697,0.012489,0.029223,0.951318
1108,0.005691,0.102678,0.01247,0.879161
1109,0.01636,0.062775,0.00765,0.913215
1110,0.006521,0.012325,0.006553,0.974601
1111,0.006384,0.011627,0.02387,0.95812
1112,0.001434,0.01727,0.044666,0.93663
1113,0.323379,0.00513,0.005052,0.666439
1114,0.007915,0.009306,0.010956,0.971824
1115,0.007499,0.021386,0.013267,0.957848
1116,0.006014,0.024989,0.021946,0.947051
1117,0.002998,0.211501,0.012463,0.773037
1118,0.086703,0.056313,0.014709,0.842276
1119,0.003612,0.008026,0.004017,0.984345
1120,0.003806,0.009955,0.007032,0.979207
1121,0.305655,0.005791,0.019609,0.668945
1122,0.011757,0.003803,0.003667,0.980773
1123,0.001735,0.007267,0.003746,0.987251
1124,0.002574,0.247021,0.012055,0.738349
1125,0.156763,0.007758,0.006609,0.82887
1126,0.011705,0.006616,0.004074,0.977605
1127,0.005586,0.005725,0.004452,0.984237
1128,0.003402,0.007441,0.010761,0.978396
1129,0.003094,0.021732,0.009094,0.966081
1130,0.502346,0.008334,0.014157,0.475163
1131,0.076391,0.011461,0.003806,0.908341
1132,0.003749,0.00535,0.00765,0.98325
1133,0.002408,0.00499,0.004959,0.987643
1134,0.007192,0.097139,0.021795,0.873874
1135,0.025312,0.138465,0.423867,0.412355
1136,0.012827,0.016933,0.021849,0.948391
1137,0.024803,0.069907,0.037215,0.868076
1138,0.001439,0.009304,0.007776,0.981481
1139,0.00249,0.008871,0.005794,0.982844
1140,0.006872,0.039195,0.028971,0.924962
1141,0.013493,0.004269,0.016664,0.965574
1142,0.018783,0.015008,0.005368,0.960841
1143,0.005813,0.008522,0.010292,0.975373
1144,0.00876,0.006545,0.00796,0.976735
1145,0.275739,0.004501,0.005359,0.714401
1146,0.03621,0.008313,0.057608,0.897869
1147,0.136989,0.088697,0.23183,0.542484
1148,0.023345,0.109452,0.137337,0.729865
1149,0.002904,0.013139,0.00961,0.974347
1150,0.002528,0.013827,0.008748,0.974897
1151,0.007485,0.020004,0.09253,0.879981
1152,0.005186,0.017288,0.060922,0.916604
1153,0.003754,0.008924,0.015121,0.972201
1154,0.121953,0.01067,0.007283,0.860094
1155,0.011213,0.006544,0.005155,0.977087
1156,0.045246,0.014165,0.009216,0.931374
1157,0.023368,0.016938,0.034248,0.925447
1158,0.012399,0.026513,0.084085,0.877003
1159,0.010726,0.026285,0.048621,0.914369
1160,0.356522,0.005056,0.273584,0.364837
1161,0.164515,0.005037,0.019208,0.81124
1162,0.011885,0.008866,0.013051,0.966198
1163,0.002495,0.008405,0.009138,0.979962
1164,0.007427,0.025421,0.028563,0.938589
1165,0.007725,0.007075,0.006287,0.978913
1166,0.01948,0.004693,0.022908,0.95292
1167,0.00428,0.00658,0.015523,0.973617
1168,0.008663,0.016469,0.006826,0.968042
1169,0.03234,0.025672,0.022231,0.919757
1170,0.010542,0.021539,0.089033,0.878886
1171,0.002351,0.016061,0.01678,0.964808
1172,0.010569,0.006032,0.029249,0.954151
1173,0.003471,0.039819,0.029736,0.926973
1174,0.004086,0.023139,0.018246,0.954529
1175,0.012812,0.017054,0.127087,0.843047
1176,0.003477,0.038413,0.007418,0.950693
1177,0.012477,0.008837,0.040891,0.937795
1178,0.013437,0.004879,0.020029,0.961655
1179,0.00297,0.266514,0.035062,0.695454
1180,0.004032,0.288174,0.033981,0.673813
1181,0.047436,0.099539,0.010659,0.842366
1182,0.017485,0.032085,0.009796,0.940635
1183,0.028154,0.027986,0.044974,0.898886
1184,0.005212,0.033112,0.011976,0.9497
1185,0.010036,0.112574,0.020766,0.856624
1186,0.018723,0.025108,0.112217,0.843952
1187,0.006015,0.007418,0.010402,0.976165
1188,0.004324,0.050593,0.046963,0.89812
1189,0.008128,0.06508,0.033612,0.893181
1190,0.018413,0.045975,0.064649,0.870964
1191,0.010805,0.015258,0.044086,0.929852
1192,0.010871,0.006863,0.008112,0.974154
1193,0.005049,0.007575,0.010318,0.977059
1194,0.003828,0.025664,0.097407,0.873101
1195,0.003643,0.122251,0.068224,0.805883
1196,0.007809,0.008841,0.005655,0.977695
1197,0.007275,0.009259,0.006388,0.977078
1198,0.010102,0.006748,0.010498,0.972652
1199,0.006215,0.017777,0.098969,0.877039
1200,0.01079,0.006403,0.007228,0.975579
1201,0.005175,0.005972,0.007582,0.98127
1202,0.002932,0.007158,0.011259,0.978651
1203,0.004987,0.010785,0.018225,0.966004
1204,0.030714,0.028641,0.017781,0.922865
1205,0.005519,0.018967,0.030148,0.945366
1206,0.003182,0.009466,0.01733,0.970021
1207,0.024305,0.004159,0.007701,0.963835
1208,0.00426,0.018762,0.037936,0.939041
1209,0.004718,0.035254,0.047239,0.912788
1210,0.056795,0.028181,0.016382,0.898641
1211,0.004615,0.008777,0.028545,0.958064
1212,0.005505,0.016803,0.018971,0.958722
1213,0.003632,0.023871,0.004707,0.96779
1214,0.003527,0.022519,0.008236,0.965718
1215,0.001944,0.200503,0.025795,0.771758
1216,0.000978,0.080625,0.007943,0.910454
1217,0.015954,0.005435,0.01208,0.966531
1218,0.005246,0.005658,0.011098,0.977998
1219,0.010924,0.010989,0.034892,0.943194
1220,0.015471,0.005489,0.008247,0.970793
1221,0.007438,0.007698,0.003686,0.981177
1222,0.006391,0.012964,0.004194,0.976451
1223,0.024598,0.007761,0.005376,0.962265
1224,0.019963,0.009259,0.006886,0.963892
1225,0.005519,0.038824,0.017013,0.938644
1226,0.001709,0.019362,0.01845,0.960479
1227,0.004347,0.014082,0.012442,0.969129
1228,0.014625,0.007786,0.004091,0.973498
1229,0.016099,0.039195,0.027762,0.916943
1230,0.008734,0.008457,0.253016,0.729793
1231,0.009013,0.009851,0.014223,0.966913
1232,0.02525,0.011839,0.008219,0.954692
1233,0.086718,0.013979,0.023071,0.876231
1234,0.004848,0.008394,0.004137,0.982622
1235,0.00464,0.012384,0.006289,0.976686
1236,0.019469,0.011933,0.007444,0.961153
1237,0.159858,0.013014,0.015536,0.811592
1238,0.030899,0.013052,0.304348,0.651701
1239,0.361956,0.009588,0.061789,0.566667
1240,0.909446,0.002491,0.010325,0.077737
1241,0.112701,0.067084,0.076337,0.743878
1242,0.122198,0.077929,0.016364,0.783509
1243,0.040839,0.018382,0.025514,0.915265
1244,0.003794,0.006043,0.030218,0.959946
1245,0.019073,0.005083,0.013427,0.962417
1246,0.771781,0.005564,0.004999,0.217656
1247,0.101416,0.007938,0.011227,0.879419
1248,0.007366,0.00366,0.007962,0.981012
1249,0.015529,0.009721,0.002916,0.971833
1250,0.011181,0.017661,0.029478,0.94168
1251,0.010614,0.016902,0.02317,0.949313
1252,0.002849,0.005371,0.004587,0.987193
1253,0.00274,0.008001,0.026142,0.963117
1254,0.009039,0.01459,0.010886,0.965485
1255,0.013888,0.024196,0.010409,0.951507
1256,0.005551,0.008938,0.007704,0.977808
1257,0.012649,0.006904,0.010443,0.970005
1258,0.009112,0.01437,0.014834,0.961683
1259,0.058905,0.023035,0.020475,0.897585
1260,0.019824,0.016665,0.022375,0.941136
1261,0.007603,0.008637,0.004545,0.979215
1262,0.005618,0.013263,0.016185,0.964935
1263,0.014355,0.02482,0.065508,0.895318
1264,0.022835,0.032933,0.011336,0.932896
1265,0.029026,0.026957,0.007452,0.936565
1266,0.036373,0.016571,0.002811,0.944246
1267,0.06661,0.011308,0.012007,0.910075
1268,0.011609,0.018006,0.007685,0.962701
