meeting_id,segment_id,p_happy,p_angry,p_sad,p_neutral
ES2003d,0,0.17486382513617488,0.27581972418027584,0.28704671295328704,0.2622697377302623
ES2003d,1,0.17926317926317925,0.2456222456222456,0.2533052533052533,0.3218093218093218
ES2003d,2,0.1827978172021828,0.23101276898723103,0.24964575035424968,0.3365436634563366
ES2003d,3,0.17978017978017977,0.24356324356324355,0.2355182355182355,0.34113834113834113
ES2003d,4,0.25,0.25,0.25,0.25
ES2003d,5,0.25,0.25,0.25,0.25
ES2003d,6,0.25,0.25,0.25,0.25
ES2003d,7,0.25,0.25,0.25,0.25
ES2003d,8,0.19205380794619203,0.2365297634702365,0.24338775661224335,0.328028671971328
ES2003d,9,0.187852,0.231808,0.255847,0.324493
ES2003d,10,0.19273380726619269,0.2458397541602458,0.28669871330128666,0.27472772527227474
ES2003d,11,0.188004188004188,0.23413123413123413,0.29871229871229865,0.27915227915227914
ES2003d,12,0.187242,0.244802,0.280932,0.287024
ES2003d,13,0.195179,0.232261,0.27897,0.29359
ES2003d,14,0.193553,0.228807,0.285522,0.292118
ES2003d,15,0.191353,0.230259,0.282528,0.29586
ES2003d,16,0.195531,0.225421,0.269566,0.309482
ES2003d,17,0.202347,0.244411,0.269269,0.283973
ES2003d,18,0.1852,0.240559,0.272363,0.301878
ES2003d,19,0.181446,0.236755,0.268714,0.313085
ES2003d,20,0.173567,0.281714,0.270913,0.273806
ES2003d,21,0.18003,0.279372,0.254306,0.286292
ES2003d,22,0.177467,0.237008,0.255476,0.330049
ES2003d,23,0.182125,0.202239,0.229003,0.386633
ES2003d,24,0.179496,0.243596,0.261873,0.315035
ES2003d,25,0.181163,0.219148,0.264459,0.33523
ES2003d,26,0.175493,0.252837,0.280465,0.291205
ES2003d,27,0.17770200000000003,0.23274000000000003,0.27164200000000005,0.31791600000000003
ES2003d,28,0.180965,0.220347,0.246195,0.352493
ES2003d,29,0.1759231759231759,0.24079124079124078,0.25446425446425447,0.32882132882132875
ES2003d,30,0.17923517923517923,0.21530821530821528,0.27455627455627457,0.3309003309003309
ES2003d,31,0.17586,0.221125,0.272745,0.33027
ES2003d,32,0.1745071745071745,0.24643324643324646,0.2762962762962763,0.30276330276330277
ES2003d,33,0.173586,0.262072,0.287267,0.277075
ES2003d,34,0.17558800000000002,0.25786400000000004,0.27307500000000007,0.29347300000000004
ES2003d,35,0.17723182276817726,0.2458907541092459,0.2730787269212731,0.3037986962013038
ES2003d,36,0.176397,0.242743,0.280373,0.300487
ES2003d,37,0.180152,0.240154,0.268141,0.311553
ES2003d,38,0.17604,0.251712,0.261893,0.310355
ES2003d,39,0.173578,0.255347,0.273755,0.29732
ES2003d,40,0.1735798264201736,0.275036724963275,0.27251472748527256,0.27886872113127886
ES2003d,41,0.175217,0.288064,0.260619,0.2761
ES2003d,42,0.178768,0.241078,0.272506,0.307648
ES2003d,43,0.173672,0.268107,0.282187,0.276034
ES2003d,44,0.18190018190018192,0.22421722421722423,0.23623623623623624,0.35764635764635766
ES2003d,45,0.25,0.25,0.25,0.25
ES2003d,46,0.25,0.25,0.25,0.25
ES2003d,47,0.25,0.25,0.25,0.25
ES2003d,48,0.25,0.25,0.25,0.25
ES2003d,49,0.25,0.25,0.25,0.25
ES2003d,50,0.25,0.25,0.25,0.25
ES2003d,51,0.25,0.25,0.25,0.25
ES2003d,52,0.25,0.25,0.25,0.25
ES2003d,53,0.25,0.25,0.25,0.25
ES2003d,54,0.25,0.25,0.25,0.25
ES2003d,55,0.25,0.25,0.25,0.25
ES2003d,56,0.25,0.25,0.25,0.25
ES2003d,57,0.25,0.25,0.25,0.25
ES2003d,58,0.25,0.25,0.25,0.25
ES2003d,59,0.25,0.25,0.25,0.25
ES2003d,60,0.25,0.25,0.25,0.25
ES2003d,61,0.25,0.25,0.25,0.25
ES2003d,62,0.25,0.25,0.25,0.25
ES2003d,63,0.25,0.25,0.25,0.25
ES2003d,64,0.25,0.25,0.25,0.25
ES2003d,65,0.25,0.25,0.25,0.25
ES2003d,66,0.25,0.25,0.25,0.25
ES2003d,67,0.25,0.25,0.25,0.25
ES2003d,68,0.25,0.25,0.25,0.25
ES2003d,69,0.25,0.25,0.25,0.25
ES2003d,70,0.25,0.25,0.25,0.25
ES2003d,71,0.25,0.25,0.25,0.25
ES2003d,72,0.25,0.25,0.25,0.25
ES2003d,73,0.25,0.25,0.25,0.25
ES2003d,74,0.25,0.25,0.25,0.25
ES2003d,75,0.25,0.25,0.25,0.25
ES2003d,76,0.25,0.25,0.25,0.25
ES2003d,77,0.25,0.25,0.25,0.25
ES2003d,78,0.25,0.25,0.25,0.25
ES2003d,79,0.25,0.25,0.25,0.25
ES2003d,80,0.25,0.25,0.25,0.25
ES2003d,81,0.25,0.25,0.25,0.25
ES2003d,82,0.25,0.25,0.25,0.25
ES2003d,83,0.25,0.25,0.25,0.25
ES2003d,84,0.25,0.25,0.25,0.25
ES2003d,85,0.25,0.25,0.25,0.25
ES2003d,86,0.25,0.25,0.25,0.25
ES2003d,87,0.25,0.25,0.25,0.25
ES2003d,88,0.25,0.25,0.25,0.25
ES2003d,89,0.25,0.25,0.25,0.25
ES2003d,90,0.25,0.25,0.25,0.25
ES2003d,91,0.25,0.25,0.25,0.25
ES2003d,92,0.25,0.25,0.25,0.25
ES2003d,93,0.25,0.25,0.25,0.25
ES2003d,94,0.25,0.25,0.25,0.25
ES2003d,95,0.25,0.25,0.25,0.25
ES2003d,96,0.25,0.25,0.25,0.25
ES2003d,97,0.25,0.25,0.25,0.25
ES2003d,98,0.25,0.25,0.25,0.25
ES2003d,99,0.25,0.25,0.25,0.25
ES2003d,100,0.1894028105971894,0.2707317292682707,0.27193072806927193,0.2679347320652679
ES2003d,101,0.25,0.25,0.25,0.25
ES2003d,102,0.25,0.25,0.25,0.25
ES2003d,103,0.25,0.25,0.25,0.25
ES2003d,104,0.25,0.25,0.25,0.25
ES2003d,105,0.25,0.25,0.25,0.25
ES2003d,106,0.25,0.25,0.25,0.25
ES2003d,107,0.25,0.25,0.25,0.25
ES2003d,108,0.25,0.25,0.25,0.25
ES2003d,109,0.25,0.25,0.25,0.25
ES2003d,110,0.25,0.25,0.25,0.25
ES2003d,111,0.25,0.25,0.25,0.25
ES2003d,112,0.25,0.25,0.25,0.25
ES2003d,113,0.25,0.25,0.25,0.25
ES2003d,114,0.25,0.25,0.25,0.25
ES2003d,115,0.25,0.25,0.25,0.25
ES2003d,116,0.25,0.25,0.25,0.25
ES2003d,117,0.25,0.25,0.25,0.25
ES2003d,118,0.25,0.25,0.25,0.25
ES2003d,119,0.25,0.25,0.25,0.25
ES2003d,120,0.25,0.25,0.25,0.25
ES2003d,121,0.25,0.25,0.25,0.25
ES2003d,122,0.25,0.25,0.25,0.25
ES2003d,123,0.25,0.25,0.25,0.25
ES2003d,124,0.25,0.25,0.25,0.25
ES2003d,125,0.25,0.25,0.25,0.25
ES2003d,126,0.25,0.25,0.25,0.25
ES2003d,127,0.25,0.25,0.25,0.25
ES2003d,128,0.25,0.25,0.25,0.25
ES2003d,129,0.25,0.25,0.25,0.25
ES2003d,130,0.25,0.25,0.25,0.25
ES2003d,131,0.25,0.25,0.25,0.25
ES2003d,132,0.25,0.25,0.25,0.25
ES2003d,133,0.25,0.25,0.25,0.25
ES2003d,134,0.24103000000000002,0.25374500000000005,0.27163400000000004,0.23359100000000002
ES2003d,135,0.2183262183262183,0.25173625173625175,0.28733328733328733,0.24260424260424257
ES2003d,136,0.229478,0.246935,0.269084,0.254503
ES2003d,137,0.203353,0.250312,0.289968,0.256367
ES2003d,138,0.22137,0.238306,0.269265,0.271059
ES2003d,139,0.195002804997195,0.26109373890626103,0.29193170806829194,0.2519717480282519
ES2003d,140,0.180999,0.259537,0.299178,0.260286
ES2003d,141,0.198325,0.263154,0.286219,0.252302
ES2003d,142,0.20145179854820147,0.27943672056327945,0.2882067117932882,0.23090476909523092
ES2003d,143,0.221980778019222,0.2779097220902779,0.25791474208525794,0.24219475780524222
ES2003d,144,0.205216,0.290407,0.266902,0.237475
ES2003d,145,0.19692119692119694,0.29322629322629323,0.2806772806772807,0.22917522917522917
ES2003d,146,0.25,0.25,0.25,0.25
ES2003d,147,0.25,0.25,0.25,0.25
ES2003d,148,0.25,0.25,0.25,0.25
ES2003d,149,0.25,0.25,0.25,0.25
ES2003d,150,0.25,0.25,0.25,0.25
ES2003d,151,0.25,0.25,0.25,0.25
ES2003d,152,0.25,0.25,0.25,0.25
ES2003d,153,0.25,0.25,0.25,0.25
ES2003d,154,0.25,0.25,0.25,0.25
ES2003d,155,0.25,0.25,0.25,0.25
ES2003d,156,0.25,0.25,0.25,0.25
ES2003d,157,0.25,0.25,0.25,0.25
ES2003d,158,0.25,0.25,0.25,0.25
ES2003d,159,0.25,0.25,0.25,0.25
ES2003d,160,0.25,0.25,0.25,0.25
ES2003d,161,0.25,0.25,0.25,0.25
ES2003d,162,0.25,0.25,0.25,0.25
ES2003d,163,0.192338,0.242379,0.234459,0.330824
ES2003d,164,0.25,0.25,0.25,0.25
ES2003d,165,0.170691,0.27522,0.280597,0.273492
ES2003d,166,0.200403,0.286199,0.25527,0.258128
ES2003d,167,0.173579,0.302107,0.283822,0.240492
ES2003d,168,0.17546317546317547,0.3092763092763093,0.2888112888112888,0.22644922644922647
ES2003d,169,0.169399,0.305116,0.293953,0.231532
ES2003d,170,0.18775981224018778,0.2987577012422988,0.2879037120962879,0.2255787744212256
ES2003d,171,0.194806,0.264429,0.28355,0.257215
ES2003d,172,0.1773211773211773,0.29538729538729536,0.27022827022827023,0.25706325706325706
ES2003d,173,0.176026176026176,0.2714202714202714,0.2738732738732738,0.2786802786802786
ES2003d,174,0.175597,0.258518,0.287686,0.278199
ES2003d,175,0.18143518143518142,0.26623726623726623,0.259026259026259,0.29330129330129323
ES2003d,176,0.182034182034182,0.25267625267625266,0.255013255013255,0.31027631027631025
ES2003d,177,0.174247,0.279298,0.286478,0.259977
ES2003d,178,0.16690183309816692,0.31304568695431306,0.25602374397625605,0.2640287359712641
ES2003d,179,0.164889,0.305339,0.264636,0.265136
ES2003d,180,0.169696,0.299815,0.258074,0.272415
ES2003d,181,0.16761583238416758,0.29819870180129815,0.2648237351762648,0.2693617306382693
ES2003d,182,0.1685538314461686,0.3004576995423005,0.2671797328202672,0.2638087361912638
ES2003d,183,0.167404,0.308507,0.266378,0.257711
ES2003d,184,0.173597,0.29399,0.261082,0.271331
ES2003d,185,0.17103,0.298318,0.263525,0.267127
ES2003d,186,0.1647018352981647,0.3041756958243042,0.27769972230027773,0.25342274657725344
ES2003d,187,0.16623216623216622,0.30687130687130687,0.2617852617852618,0.2651112651112651
ES2003d,188,0.171192,0.289521,0.266582,0.272705
ES2003d,189,0.1729171729171729,0.28774628774628774,0.2553132553132553,0.2840232840232841
ES2003d,190,0.170436,0.290504,0.256367,0.282693
ES2003d,191,0.169601,0.288945,0.260857,0.280597
ES2003d,192,0.16627816627816627,0.3083433083433083,0.2568792568792569,0.2684992684992685
ES2003d,193,0.166597,0.304521,0.269359,0.259523
ES2003d,194,0.17479917479917478,0.2625012625012625,0.2599242599242599,0.3027753027753028
ES2003d,195,0.17795117795117799,0.26194126194126194,0.2608022608022608,0.2993052993052993
ES2003d,196,0.1671828328171672,0.28643471356528644,0.273987726012274,0.2723947276052724
ES2003d,197,0.16807816807816808,0.29706229706229703,0.26417426417426415,0.27068527068527065
ES2003d,198,0.1654838345161655,0.3053766946233054,0.2636937363062637,0.26544573455426546
ES2003d,199,0.169369,0.289647,0.267265,0.273719
ES2003d,200,0.170167,0.29251,0.258837,0.278486
ES2003d,201,0.169195,0.299348,0.258632,0.272825
ES2003d,202,0.16916083083916914,0.29757570242429754,0.2691287308712691,0.2641347358652641
ES2003d,203,0.16657583342416654,0.2976227023772976,0.26466573533426463,0.27113572886427106
ES2003d,204,0.17025617025617024,0.2877112877112877,0.2625102625102625,0.2795222795222795
ES2003d,205,0.170051,0.28261,0.274067,0.273272
ES2003d,206,0.171315,0.284247,0.260874,0.283564
ES2003d,207,0.165696,0.300277,0.26542,0.268607
ES2003d,208,0.164322,0.308975,0.280191,0.246512
ES2003d,209,0.165352,0.289994,0.295839,0.248815
ES2003d,210,0.171316,0.291262,0.261294,0.276128
ES2003d,211,0.182126,0.235017,0.253917,0.32894
ES2003d,212,0.179115,0.26701,0.242928,0.310947
ES2003d,213,0.17880617880617883,0.2537582537582538,0.2580902580902581,0.30934530934530935
ES2003d,214,0.17489917489917492,0.23675023675023676,0.2696092696092696,0.3187413187413188
ES2003d,215,0.17614700000000003,0.27154700000000004,0.26013400000000003,0.29217200000000004
ES2003d,216,0.180451,0.285542,0.247191,0.286816
ES2003d,217,0.1874838125161875,0.25459874540125466,0.2564817435182565,0.30143569856430147
ES2003d,218,0.18952218952218952,0.28102828102828104,0.2578792578792579,0.2715702715702716
ES2003d,219,0.184474,0.258674,0.260995,0.295857
ES2003d,220,0.18193681806318193,0.2360717639282361,0.2531567468432532,0.32883467116532883
ES2003d,221,0.179227,0.271972,0.261365,0.287436
ES2003d,222,0.181306,0.266098,0.265899,0.286697
ES2003d,223,0.181814,0.266564,0.255308,0.296314
ES2003d,224,0.182751,0.262432,0.263369,0.291448
ES2003d,225,0.182065,0.264552,0.260034,0.293349
ES2003d,226,0.17684017684017683,0.2534832534832535,0.2603932603932604,0.30928330928330927
ES2003d,227,0.19001080998919004,0.294930705069295,0.26424373575626425,0.2508147491852508
ES2003d,228,0.179297,0.261137,0.269004,0.290562
ES2003d,229,0.184491,0.245917,0.246496,0.323096
ES2003d,230,0.265646,0.234784,0.25567,0.2439
ES2003d,231,0.204664,0.231958,0.267194,0.296184
ES2003d,232,0.180497,0.28286,0.257188,0.279455
ES2003d,233,0.18675818675818676,0.23798423798423796,0.2749032749032749,0.30035430035430033
ES2003d,234,0.178521,0.237788,0.289738,0.293953
ES2003d,235,0.225331,0.269443,0.255309,0.249917
ES2003d,236,0.17559,0.284321,0.285656,0.254433
ES2003d,237,0.177631,0.310777,0.283696,0.227896
ES2003d,238,0.180138,0.295885,0.252747,0.27123
ES2003d,239,0.17583017583017582,0.3102033102033102,0.2617702617702618,0.2521962521962522
ES2003d,240,0.17601,0.300519,0.270339,0.253132
ES2003d,241,0.178206,0.251711,0.239044,0.331039
ES2003d,242,0.17109,0.288793,0.276753,0.263364
ES2003d,243,0.17187,0.293295,0.27891,0.255925
ES2003d,244,0.170244,0.298033,0.274476,0.257247
ES2003d,245,0.167763,0.306174,0.273953,0.25211
ES2003d,246,0.171208,0.287143,0.27299,0.268659
ES2003d,247,0.1711298288701711,0.28018271981728016,0.2833447166552833,0.2653427346572653
ES2003d,248,0.17505617505617507,0.28016828016828016,0.2706392706392707,0.27413627413627417
ES2003d,249,0.175079,0.285175,0.265135,0.274611
ES2003d,250,0.173764,0.280074,0.277309,0.268853
ES2003d,251,0.18433381566618431,0.23727076272923725,0.2796457203542796,0.2987497012502987
ES2003d,252,0.182853,0.228421,0.276806,0.31192
ES2003d,253,0.181975,0.214583,0.268518,0.334924
ES2003d,254,0.18261681738318264,0.214995785004215,0.28403071596928403,0.3183566816433184
ES2003d,255,0.187025,0.215494,0.277429,0.320052
ES2003d,256,0.188007,0.205546,0.254143,0.352304
ES2003d,257,0.192095,0.206441,0.265999,0.335465
ES2003d,258,0.192028,0.206392,0.270086,0.331494
ES2003d,259,0.19656780343219654,0.21247378752621243,0.2666347333652666,0.32432367567632425
ES2003d,260,0.19627219627219628,0.22103422103422105,0.2732052732052732,0.30948830948830947
ES2003d,261,0.180022,0.258259,0.259884,0.301835
ES2003d,262,0.18610818610818608,0.21748321748321747,0.24544824544824542,0.35096035096035094
ES2003d,263,0.17955,0.215472,0.241791,0.363187
ES2003d,264,0.192301,0.251851,0.258535,0.297313
ES2003d,265,0.1801181801181801,0.25994225994225995,0.2700982700982701,0.2898412898412898
ES2003d,266,0.18333318333318332,0.2552402552402553,0.27641527641527647,0.28501128501128503
ES2003d,267,0.185434,0.240582,0.280613,0.293371
ES2003d,268,0.185977,0.263967,0.266965,0.283091
ES2003d,269,0.199243,0.256137,0.266181,0.278439
ES2003d,270,0.204512,0.254335,0.25412,0.287033
ES2003d,271,0.2000232000232,0.2563672563672564,0.26916926916926914,0.2744402744402744
ES2003d,272,0.17909517909517908,0.2593382593382593,0.2666212666212666,0.2949452949452949
ES2003d,273,0.197418,0.257932,0.257592,0.287058
ES2003d,274,0.182168,0.245831,0.280725,0.291276
ES2003d,275,0.192953,0.253139,0.268752,0.285156
ES2003d,276,0.202705,0.261504,0.279677,0.256114
ES2003d,277,0.19626119626119626,0.27085627085627084,0.2751642751642752,0.25771825771825774
ES2003d,278,0.189936,0.270475,0.275828,0.263761
ES2003d,279,0.200684,0.273156,0.278872,0.247288
ES2003d,280,0.186168,0.265482,0.270296,0.278054
ES2003d,281,0.189136,0.231957,0.255405,0.323502
ES2003d,282,0.175198,0.21239,0.207943,0.404469
ES2003d,283,0.177784,0.269595,0.249795,0.302826
ES2003d,284,0.17666282333717662,0.26915373084626915,0.25230074769925226,0.30188269811730184
ES2003d,285,0.17770982229017773,0.2651817348182652,0.25104974895025106,0.30605869394130614
ES2003d,286,0.175524,0.281403,0.24486,0.298213
ES2003d,287,0.17542,0.289436,0.253315,0.281829
ES2003d,288,0.17839,0.263931,0.259186,0.298493
ES2003d,289,0.17841717841717844,0.26615926615926616,0.2534842534842535,0.301939301939302
ES2003d,290,0.179655,0.25671,0.264322,0.299313
ES2003d,291,0.17657982342017658,0.2777447222552778,0.25287574712425287,0.2927997072002928
ES2003d,292,0.176588,0.264284,0.254267,0.304861
ES2003d,293,0.17388,0.278824,0.257753,0.289543
ES2003d,294,0.178399,0.26389,0.255502,0.302209
ES2003d,295,0.17857382142617859,0.2637247362752637,0.25732574267425734,0.3003756996243004
ES2003d,296,0.175916,0.269512,0.262738,0.291834
ES2003d,297,0.17537117537117536,0.28733328733328733,0.2514402514402514,0.28585528585528586
ES2003d,298,0.177965,0.278222,0.253144,0.290669
ES2003d,299,0.181455,0.272317,0.249318,0.29691
ES2003d,300,0.178172,0.294644,0.262372,0.264812
ES2003d,301,0.17583000000000001,0.28608300000000003,0.26008000000000003,0.27800700000000006
ES2003d,302,0.172317,0.294217,0.253941,0.279525
ES2003d,303,0.17496817496817496,0.2883332883332883,0.24456924456924456,0.2921292921292921
ES2003d,304,0.174493,0.279046,0.255687,0.290774
ES2003d,305,0.176644,0.274021,0.264152,0.285183
ES2003d,306,0.17349982650017345,0.2951737048262951,0.25658574341425655,0.27474072525927473
ES2003d,307,0.17548517548517548,0.2865402865402865,0.24374124374124373,0.29423329423329425
ES2003d,308,0.175221,0.278122,0.253272,0.293385
ES2003d,309,0.176355,0.279399,0.249805,0.294441
ES2003d,310,0.17795082204917798,0.2722497277502723,0.2447997552002448,0.304999695000305
ES2003d,311,0.174307,0.287639,0.254141,0.283913
ES2003d,312,0.172723,0.290158,0.254681,0.282438
ES2003d,313,0.175267,0.293054,0.239452,0.292227
ES2003d,314,0.194342,0.209857,0.211695,0.384106
ES2003d,315,0.179342,0.20074,0.20743,0.412488
ES2003d,316,0.17854782145217854,0.19398580601419396,0.20188579811420188,0.4255805744194255
ES2003d,317,0.181412,0.204941,0.20897,0.404677
ES2003d,318,0.25,0.25,0.25,0.25
ES2003d,319,0.25,0.25,0.25,0.25
ES2003d,320,0.25,0.25,0.25,0.25
ES2003d,321,0.25,0.25,0.25,0.25
ES2003d,322,0.25,0.25,0.25,0.25
ES2003d,323,0.25,0.25,0.25,0.25
ES2003d,324,0.25,0.25,0.25,0.25
ES2003d,325,0.25,0.25,0.25,0.25
ES2003d,326,0.25,0.25,0.25,0.25
ES2003d,327,0.25,0.25,0.25,0.25
ES2003d,328,0.25,0.25,0.25,0.25
ES2003d,329,0.25,0.25,0.25,0.25
ES2003d,330,0.25,0.25,0.25,0.25
ES2003d,331,0.25,0.25,0.25,0.25
ES2003d,332,0.25,0.25,0.25,0.25
ES2003d,333,0.25,0.25,0.25,0.25
ES2003d,334,0.25,0.25,0.25,0.25
ES2003d,335,0.25,0.25,0.25,0.25
ES2003d,336,0.25,0.25,0.25,0.25
ES2003d,337,0.25,0.25,0.25,0.25
ES2003d,338,0.25,0.25,0.25,0.25
ES2003d,339,0.25,0.25,0.25,0.25
ES2003d,340,0.25,0.25,0.25,0.25
ES2003d,341,0.25,0.25,0.25,0.25
ES2003d,342,0.25,0.25,0.25,0.25
ES2003d,343,0.25,0.25,0.25,0.25
ES2003d,344,0.25,0.25,0.25,0.25
ES2003d,345,0.25,0.25,0.25,0.25
ES2003d,346,0.25,0.25,0.25,0.25
ES2003d,347,0.25,0.25,0.25,0.25
ES2003d,348,0.25,0.25,0.25,0.25
ES2003d,349,0.25,0.25,0.25,0.25
ES2003d,350,0.25,0.25,0.25,0.25
ES2003d,351,0.25,0.25,0.25,0.25
ES2003d,352,0.25,0.25,0.25,0.25
ES2003d,353,0.25,0.25,0.25,0.25
ES2003d,354,0.25,0.25,0.25,0.25
ES2003d,355,0.25,0.25,0.25,0.25
ES2003d,356,0.25,0.25,0.25,0.25
ES2003d,357,0.25,0.25,0.25,0.25
ES2003d,358,0.25,0.25,0.25,0.25
ES2003d,359,0.25,0.25,0.25,0.25
ES2003d,360,0.25,0.25,0.25,0.25
ES2003d,361,0.25,0.25,0.25,0.25
ES2003d,362,0.25,0.25,0.25,0.25
ES2003d,363,0.25,0.25,0.25,0.25
ES2003d,364,0.25,0.25,0.25,0.25
ES2003d,365,0.25,0.25,0.25,0.25
ES2003d,366,0.25,0.25,0.25,0.25
ES2003d,367,0.25,0.25,0.25,0.25
ES2003d,368,0.25,0.25,0.25,0.25
ES2003d,369,0.25,0.25,0.25,0.25
ES2003d,370,0.25,0.25,0.25,0.25
ES2003d,371,0.25,0.25,0.25,0.25
ES2003d,372,0.25,0.25,0.25,0.25
ES2003d,373,0.25,0.25,0.25,0.25
ES2003d,374,0.25,0.25,0.25,0.25
ES2003d,375,0.25,0.25,0.25,0.25
ES2003d,376,0.25,0.25,0.25,0.25
ES2003d,377,0.25,0.25,0.25,0.25
ES2003d,378,0.25,0.25,0.25,0.25
ES2003d,379,0.25,0.25,0.25,0.25
ES2003d,380,0.25,0.25,0.25,0.25
ES2003d,381,0.25,0.25,0.25,0.25
ES2003d,382,0.183482,0.207069,0.241705,0.367744
ES2003d,383,0.17838,0.249957,0.280538,0.291125
ES2003d,384,0.1773768226231774,0.2191927808072192,0.2505717494282506,0.35285864714135284
ES2003d,385,0.18093118093118093,0.24492024492024492,0.2534972534972535,0.3206513206513207
ES2003d,386,0.17853882146117853,0.25107174892825107,0.3058876941123058,0.2645017354982645
ES2003d,387,0.188276,0.260037,0.289354,0.262333
ES2003d,388,0.183325,0.260977,0.292124,0.263574
ES2003d,389,0.181868,0.256184,0.282733,0.279215
ES2003d,390,0.18173481826518173,0.18643081356918642,0.20455479544520452,0.4272795727204272
ES2003d,391,0.182233,0.210133,0.205338,0.402296
ES2003d,392,0.25,0.25,0.25,0.25
ES2003d,393,0.184807,0.252342,0.27491,0.287941
ES2003d,394,0.18772781227218774,0.23524576475423528,0.2647957352042648,0.31223068776931223
ES2003d,395,0.187979,0.218794,0.28188,0.311347
ES2003d,396,0.188689,0.226651,0.26873,0.31593
ES2003d,397,0.18804218804218806,0.24459624459624463,0.2725342725342726,0.29482729482729486
ES2003d,398,0.18746281253718744,0.24652775347224648,0.2578227421772578,0.30818669181330816
ES2003d,399,0.18357681642318355,0.2327217672782327,0.26900073099926897,0.31470068529931466
ES2003d,400,0.183509,0.226637,0.274849,0.315005
ES2003d,401,0.17704817704817705,0.24396224396224395,0.2836342836342836,0.2953552953552953
ES2003d,402,0.176683,0.253046,0.25994,0.310331
ES2003d,403,0.17755417755417754,0.24603124603124604,0.2726582726582727,0.3037563037563038
ES2003d,404,0.176957176957177,0.2547392547392548,0.2766612766612767,0.2916422916422917
ES2003d,405,0.175877,0.265884,0.275146,0.283093
ES2003d,406,0.180297,0.245033,0.276942,0.297728
ES2003d,407,0.17841417841417842,0.26169026169026166,0.2661362661362661,0.29375929375929377
ES2003d,408,0.177818,0.279511,0.261879,0.280792
ES2003d,409,0.178961,0.228443,0.280037,0.312559
ES2003d,410,0.182614,0.24887,0.249216,0.3193
ES2003d,411,0.178942,0.288566,0.269905,0.262587
ES2003d,412,0.171154,0.295029,0.274818,0.258999
ES2003d,413,0.16764283235716765,0.29832770167229833,0.2702797297202703,0.26374973625026377
ES2003d,414,0.174617,0.271211,0.278819,0.275353
ES2003d,415,0.181753,0.233673,0.260431,0.324143
ES2003d,416,0.18074781925218075,0.21488078511921488,0.23996476003524,0.3644066355933644
ES2003d,417,0.18683781316218687,0.23409876590123413,0.23094176905823097,0.34812165187834815
ES2003d,418,0.17136617136617138,0.2593022593022593,0.29044029044029046,0.2788912788912789
ES2003d,419,0.177201,0.19809,0.211015,0.413694
ES2003d,420,0.176276,0.222407,0.25099,0.350327
ES2003d,421,0.17194182805817193,0.2497397502602497,0.29806270193729806,0.2802557197442802
ES2003d,422,0.1757931757931758,0.24316324316324317,0.2843422843422843,0.2967012967012967
ES2003d,423,0.1759061759061759,0.20196020196020195,0.21756121756121755,0.4045724045724045
ES2003d,424,0.1787931787931788,0.21635421635421634,0.24115224115224113,0.3637003637003637
ES2003d,425,0.175119,0.229034,0.248662,0.347185
ES2003d,426,0.177977,0.214874,0.2366,0.370549
ES2003d,427,0.17991782008217988,0.22685377314622682,0.24708875291124704,0.3461396538603461
ES2003d,428,0.17527717527717526,0.23323223323223324,0.27452727452727455,0.316963316963317
ES2003d,429,0.184638,0.21432,0.246355,0.354687
ES2003d,430,0.17625600000000002,0.20901300000000003,0.21921900000000002,0.39551200000000003
ES2003d,431,0.18151081848918152,0.24142575857424145,0.26943873056126943,0.30762469237530765
ES2003d,432,0.188873,0.22878,0.275253,0.307094
ES2003d,433,0.17685,0.194522,0.208139,0.420489
ES2003d,434,0.182627,0.214467,0.238619,0.364287
ES2003d,435,0.175912,0.224919,0.257032,0.342137
ES2003d,436,0.18413018413018412,0.20025220025220025,0.19999419999419998,0.4156234156234156
ES2003d,437,0.170008,0.245084,0.281784,0.303124
ES2003d,438,0.175262,0.224757,0.249005,0.350976
ES2003d,439,0.179243,0.210361,0.229662,0.380734
ES2003d,440,0.25,0.25,0.25,0.25
ES2003d,441,0.17707517707517706,0.19887319887319885,0.21089521089521088,0.41315641315641316
ES2003d,442,0.179786,0.194144,0.202644,0.423426
ES2003d,443,0.182289,0.229145,0.241216,0.34735
ES2003d,444,0.19838,0.226873,0.229608,0.345139
ES2003d,445,0.182603,0.257056,0.252712,0.307629
ES2003d,446,0.186259,0.226915,0.212315,0.374511
ES2003d,447,0.1818151818151818,0.19066919066919066,0.19092119092119092,0.43659443659443653
ES2003d,448,0.25,0.25,0.25,0.25
ES2003d,449,0.17873100000000003,0.27450100000000005,0.27166500000000005,0.27510300000000004
ES2003d,450,0.18894,0.265887,0.258253,0.28692
ES2003d,451,0.1956031956031956,0.24500724500724502,0.2485992485992486,0.31079031079031083
ES2003d,452,0.184235,0.272078,0.284434,0.259253
ES2003d,453,0.184549,0.246307,0.260344,0.3088
ES2003d,454,0.179938,0.243287,0.278922,0.297853
ES2003d,455,0.18332500000000002,0.23728200000000002,0.26126400000000005,0.31812900000000005
ES2003d,456,0.19402,0.226378,0.264415,0.315187
ES2003d,457,0.18585581414418587,0.25001674998325,0.2633937366062634,0.3007336992663008
ES2003d,458,0.174182,0.249415,0.274499,0.301904
ES2003d,459,0.18514018514018513,0.23851623851623852,0.278089278089278,0.2982542982542982
ES2003d,460,0.185399,0.235561,0.268778,0.310262
ES2003d,461,0.194023,0.227565,0.264528,0.313884
ES2003d,462,0.182429,0.230786,0.27145,0.315335
ES2003d,463,0.202336,0.235217,0.257602,0.304845
ES2003d,464,0.1758111758111758,0.2466972466972467,0.27165527165527165,0.30583630583630583
ES2003d,465,0.168963,0.293862,0.26492,0.272255
ES2003d,466,0.1729211729211729,0.2756852756852757,0.2534812534812535,0.2979122979122979
ES2003d,467,0.172913,0.286575,0.26059,0.279922
ES2003d,468,0.168182,0.303802,0.269075,0.258941
ES2003d,469,0.167751,0.291944,0.270064,0.270241
ES2003d,470,0.185408,0.225098,0.270119,0.319375
ES2003d,471,0.184355,0.228236,0.26842,0.318989
ES2003d,472,0.182062,0.257574,0.286429,0.273935
ES2003d,473,0.1835318164681835,0.22781877218122779,0.22600977399022595,0.3626396373603626
ES2003d,474,0.189053,0.262625,0.260826,0.287496
ES2003d,475,0.18022981977018024,0.20210979789020214,0.21241978758021243,0.40524059475940527
ES2003d,476,0.17661517661517664,0.19847219847219852,0.20997020997021,0.41494241494241496
ES2003d,477,0.1749478250521749,0.22566577433422563,0.24795875204124793,0.35142764857235137
ES2003d,478,0.174094,0.264504,0.276087,0.285315
ES2003d,479,0.1805068194931805,0.24032375967624037,0.2634717365282635,0.3156976843023157
ES2003d,480,0.182045,0.24458,0.27953,0.293845
ES2003d,481,0.1769238230761769,0.22359077640922356,0.2535537464462535,0.3459316540683459
ES2003d,482,0.179332,0.193498,0.200567,0.426603
ES2003d,483,0.191202,0.203213,0.224857,0.380728
ES2003d,484,0.182933,0.210519,0.239737,0.366811
ES2003d,485,0.177323,0.223834,0.244347,0.354496
ES2003d,486,0.17918,0.195843,0.208006,0.416971
ES2003d,487,0.25,0.25,0.25,0.25
ES2003d,488,0.25,0.25,0.25,0.25
ES2003d,489,0.176822,0.196607,0.202912,0.423659
ES2003d,490,0.25,0.25,0.25,0.25
ES2003d,491,0.179534,0.188053,0.19087,0.441543
ES2003d,492,0.1705901705901706,0.3141173141173141,0.2623852623852624,0.2529072529072529
ES2003d,493,0.1693738306261694,0.32051167948832054,0.2606967393032607,0.24941775058224944
ES2003d,494,0.169816,0.300665,0.27438,0.255139
ES2003d,495,0.17568982431017569,0.279039720960279,0.25709774290225706,0.28817271182728815
ES2003d,496,0.179181,0.280427,0.269141,0.271251
ES2003d,497,0.1942611942611943,0.28394728394728397,0.2668672668672669,0.25492425492425497
ES2003d,498,0.1691648308351692,0.3007466992533008,0.2603817396182604,0.2697067302932697
ES2003d,499,0.170738,0.287317,0.262059,0.279886
ES2003d,500,0.17081800000000003,0.28916200000000003,0.27335700000000007,0.26666300000000004
ES2003d,501,0.172746,0.269818,0.266574,0.290862
ES2003d,502,0.17276882723117276,0.26517473482526516,0.2682437317562682,0.29381270618729377
ES2003d,503,0.17857,0.227826,0.259544,0.33406
ES2003d,504,0.19125680874319123,0.23346676653323345,0.2718897281102719,0.30338669661330336
ES2003d,505,0.183965,0.224528,0.232303,0.359204
ES2003d,506,0.25,0.25,0.25,0.25
ES2003d,507,0.17969082030917966,0.19079380920619077,0.2095127904872095,0.42000257999741997
ES2003d,508,0.177883,0.25205,0.277639,0.292428
ES2003d,509,0.1825651825651826,0.2132792132792133,0.24076924076924078,0.3633863633863634
ES2003d,510,0.179243,0.27086,0.247113,0.302784
ES2003d,511,0.178837,0.268074,0.238896,0.314193
ES2003d,512,0.18056681943318054,0.2507867492132507,0.24247475752524245,0.3261716738283261
ES2003d,513,0.183492,0.216989,0.200191,0.399328
ES2003d,514,0.197532,0.287208,0.227663,0.287597
ES2003d,515,0.19267119267119268,0.2419082419082419,0.216005216005216,0.34941534941534935
ES2003d,516,0.194555,0.242123,0.287856,0.275466
ES2003d,517,0.1928888071111929,0.24393075606924397,0.23593276406723596,0.32724767275232725
ES2003d,518,0.200553,0.270783,0.282434,0.24623
ES2003d,519,0.199478,0.255553,0.243233,0.301736
ES2003d,520,0.2116,0.263233,0.273316,0.251851
ES2003d,521,0.197528,0.259119,0.263104,0.280249
ES2003d,522,0.184538,0.250192,0.263049,0.302221
ES2003d,523,0.172967,0.276416,0.271195,0.279422
ES2003d,524,0.175445,0.259494,0.257941,0.30712
ES2003d,525,0.17544900000000002,0.25474800000000003,0.26351500000000005,0.30628800000000006
ES2003d,526,0.17314,0.255513,0.269212,0.302135
ES2003d,527,0.17527317527317526,0.25654925654925653,0.26376126376126374,0.3044163044163044
ES2003d,528,0.17288,0.266984,0.260102,0.300034
ES2003d,529,0.17405982594017402,0.25131674868325127,0.26151673848326146,0.3131066868933131
ES2003d,530,0.170658,0.251194,0.283139,0.295009
ES2003d,531,0.181305,0.221838,0.279119,0.317738
ES2003d,532,0.1842931842931843,0.2280952280952281,0.26172626172626173,0.32588532588532587
ES2003d,533,0.18321,0.226928,0.267769,0.322093
ES2003d,534,0.175692,0.248872,0.280068,0.295368
ES2003d,535,0.17720982279017722,0.23202876797123206,0.2656617343382657,0.32509967490032515
ES2003d,536,0.181753,0.227564,0.278103,0.31258
ES2003d,537,0.18689,0.250801,0.261748,0.300561
ES2003d,538,0.192166,0.294574,0.226132,0.287128
ES2003d,539,0.1865861865861866,0.27646327646327645,0.2416372416372416,0.29531329531329525
ES2003d,540,0.179768,0.254958,0.292421,0.272853
ES2003d,541,0.181256,0.238471,0.257023,0.32325
ES2003d,542,0.178689,0.245957,0.263097,0.312257
ES2003d,543,0.178711,0.232639,0.259672,0.328978
ES2003d,544,0.208503,0.22658,0.261745,0.303172
ES2003d,545,0.221522,0.23232,0.257039,0.289119
ES2003d,546,0.192029,0.230973,0.255051,0.321947
ES2003d,547,0.17909717909717912,0.2342052342052342,0.27534027534027533,0.3113573113573114
ES2003d,548,0.179354,0.222449,0.281588,0.316609
ES2003d,549,0.18303318303318303,0.22604822604822605,0.26903726903726904,0.32188132188132185
ES2003d,550,0.181107,0.24058,0.258091,0.320222
ES2003d,551,0.18433,0.237851,0.263456,0.314363
ES2003d,552,0.184614,0.249466,0.263175,0.302745
ES2003d,553,0.17110817110817111,0.2712762712762713,0.264021264021264,0.2935942935942936
ES2003d,554,0.170708,0.281822,0.267563,0.279907
ES2003d,555,0.17429,0.263485,0.263154,0.299071
ES2003d,556,0.180528,0.223402,0.253947,0.342123
ES2003d,557,0.178298,0.24089,0.256013,0.324799
ES2003d,558,0.176982,0.26163,0.257062,0.304326
ES2003d,559,0.176654,0.251636,0.264977,0.306733
ES2003d,560,0.17938400000000002,0.25600300000000004,0.26546100000000006,0.29915200000000003
ES2003d,561,0.1826271826271826,0.2264082264082264,0.2677592677592678,0.3232053232053232
ES2003d,562,0.1862831862831863,0.2146922146922147,0.26910026910026913,0.3299243299243299
ES2003d,563,0.181824,0.24131,0.27254,0.304326
ES2003d,564,0.1847981847981848,0.22534722534722537,0.2554532554532555,0.33440133440133446
ES2003d,565,0.18416418416418417,0.21527221527221527,0.2741022741022741,0.3264613264613265
ES2003d,566,0.185389,0.223032,0.271992,0.319587
ES2003d,567,0.18409618409618408,0.24055724055724054,0.28255328255328255,0.2927932927932928
ES2003d,568,0.183848,0.256984,0.265179,0.293989
ES2003d,569,0.184855,0.25189,0.263372,0.299883
ES2003d,570,0.179739,0.254801,0.252441,0.313019
ES2003d,571,0.183247,0.254569,0.249874,0.31231
ES2003d,572,0.18971781028218973,0.24613675386324615,0.25225374774625225,0.3118916881083119
ES2003d,573,0.18737100000000004,0.25394300000000003,0.25175800000000004,0.30692800000000003
ES2003d,574,0.18043018043018041,0.24954724954724952,0.2688452688452688,0.3011773011773011
ES2003d,575,0.17733717733717733,0.256007256007256,0.276008276008276,0.29064729064729067
ES2003d,576,0.178111,0.272196,0.282169,0.267524
ES2003d,577,0.179989,0.260079,0.269791,0.290141
ES2003d,578,0.177234,0.25764,0.289913,0.275213
ES2003d,579,0.18648818648818646,0.24617824617824616,0.28298428298428296,0.28434928434928436
ES2003d,580,0.2036977963022037,0.26836373163626837,0.26311573688426315,0.26482273517726485
ES2003d,581,0.183032,0.239393,0.248702,0.328873
ES2003d,582,0.181879,0.245401,0.27042,0.3023
ES2003d,583,0.1806878193121807,0.24381675618324383,0.27706372293627707,0.29843170156829846
ES2003d,584,0.17963,0.245688,0.255409,0.319273
ES2003d,585,0.181293,0.236207,0.275793,0.306707
ES2003d,586,0.228262,0.248171,0.267395,0.256172
ES2003d,587,0.20058620058620055,0.2359292359292359,0.2427462427462427,0.32073832073832076
ES2003d,588,0.19320680679319316,0.275052724947275,0.28651271348728646,0.2452277547722452
ES2003d,589,0.18586,0.239276,0.235435,0.339429
ES2003d,590,0.18265,0.241904,0.25059,0.324856
ES2003d,591,0.179117,0.199603,0.202967,0.418313
ES2003d,592,0.178346,0.252574,0.260021,0.309059
ES2003d,593,0.17846817846817847,0.2756322756322756,0.26795326795326796,0.27794627794627796
ES2003d,594,0.1830821830821831,0.23843223843223846,0.2623972623972624,0.3160883160883161
ES2003d,595,0.17819,0.258115,0.260587,0.303108
ES2003d,596,0.17932617932617934,0.25325925325925325,0.24887324887324885,0.3185413185413185
ES2003d,597,0.184455,0.265594,0.263491,0.28646
ES2003d,598,0.183666,0.221289,0.251345,0.3437
ES2003d,599,0.179154,0.235823,0.26206,0.322963
ES2003d,600,0.179833,0.230329,0.254088,0.33575
ES2003d,601,0.17843682156317842,0.2419267580732419,0.2558147441852558,0.32382167617832375
ES2003d,602,0.177541,0.239564,0.251774,0.331121
ES2003d,603,0.180547,0.226651,0.275457,0.317345
ES2003d,604,0.172661,0.243667,0.276273,0.307399
ES2003d,605,0.176493,0.247792,0.268691,0.307024
ES2003d,606,0.182338,0.223365,0.260015,0.334282
ES2003d,607,0.182883,0.220616,0.262289,0.334212
ES2003d,608,0.181334,0.234591,0.264743,0.319332
ES2003d,609,0.178863,0.270799,0.252132,0.298206
ES2003d,610,0.18096618096618097,0.2414612414612415,0.27174627174627175,0.3058263058263059
ES2003d,611,0.179256,0.229597,0.272618,0.318529
ES2003d,612,0.178793,0.230807,0.271118,0.319282
ES2003d,613,0.17828382171617826,0.23089576910423085,0.26275673724326276,0.328063671936328
ES2003d,614,0.180571,0.2348,0.276306,0.308323
ES2003d,615,0.178979178979179,0.23792923792923795,0.24380724380724383,0.3392843392843393
ES2003d,616,0.17659017659017656,0.2432172432172432,0.2715122715122715,0.30868030868030866
ES2003d,617,0.178207,0.24497,0.289301,0.287522
ES2003d,618,0.181048,0.246926,0.270001,0.302025
ES2003d,619,0.17946,0.233726,0.285738,0.301076
ES2003d,620,0.17969,0.247258,0.273287,0.299765
ES2003d,621,0.181458,0.246216,0.258706,0.31362
ES2003d,622,0.181369,0.251505,0.262541,0.304585
ES2003d,623,0.178388,0.235278,0.279664,0.30667
ES2003d,624,0.178841,0.241077,0.271578,0.308504
ES2003d,625,0.18072381927618072,0.25083274916725085,0.2694937305062695,0.29894970105029894
ES2003d,626,0.178843,0.240112,0.269684,0.311361
ES2003d,627,0.17109282890717106,0.2708087291912708,0.2774217225782774,0.28067671932328064
ES2003d,628,0.175799,0.252598,0.270424,0.301179
ES2003d,629,0.17915817915817916,0.23907323907323907,0.2543422543422543,0.3274263274263274
ES2003d,630,0.181105,0.255181,0.253595,0.310119
ES2003d,631,0.17499717499717501,0.26244726244726246,0.2515812515812516,0.31097431097431094
ES2003d,632,0.171287,0.291335,0.27385,0.263528
ES2003d,633,0.171237,0.292308,0.260782,0.275673
ES2003d,634,0.173808,0.268451,0.260317,0.297424
ES2003d,635,0.1777891777891778,0.19563119563119563,0.20002920002920005,0.4265504265504265
ES2003d,636,0.17935817935817933,0.21782021782021782,0.2288222288222288,0.373999373999374
ES2003d,637,0.177935,0.216444,0.241942,0.363679
ES2003d,638,0.178373,0.233763,0.257954,0.32991
ES2003d,639,0.174549,0.255461,0.266131,0.303859
ES2003d,640,0.182841,0.251622,0.271796,0.293741
ES2003d,641,0.172976,0.281736,0.288967,0.256321
ES2003d,642,0.17155082844917155,0.2893477106522893,0.2818717181282818,0.25722974277025723
ES2003d,643,0.174052,0.2836,0.272708,0.26964
ES2003d,644,0.184355,0.282221,0.245445,0.287979
ES2003d,645,0.187933,0.286014,0.246214,0.279839
ES2003d,646,0.180511,0.291944,0.259891,0.267654
ES2003d,647,0.179014,0.292384,0.267913,0.260689
ES2003d,648,0.178539,0.289175,0.272398,0.259888
ES2003d,649,0.174087,0.287612,0.276385,0.261916
ES2003d,650,0.1682788317211683,0.3002846997153003,0.2791987208012792,0.2522377477622523
ES2003d,651,0.170924,0.300112,0.26723,0.261734
ES2003d,652,0.17309382690617311,0.2823087176912823,0.263002736997263,0.2815947184052816
ES2003d,653,0.1772128227871772,0.26166973833026164,0.28439271560728435,0.2767247232752767
ES2003d,654,0.178814,0.241829,0.267995,0.311362
ES2003d,655,0.179248,0.253414,0.280165,0.287173
ES2003d,656,0.183285,0.260071,0.250869,0.305775
ES2003d,657,0.185425,0.225901,0.255216,0.333458
ES2003d,658,0.18026300000000003,0.23951500000000003,0.27174200000000004,0.30848000000000003
ES2003d,659,0.182656,0.212904,0.265325,0.339115
ES2003d,660,0.1775,0.225381,0.247581,0.349538
ES2003d,661,0.185623,0.247567,0.266058,0.300752
ES2003d,662,0.181821,0.273441,0.255866,0.288872
ES2003d,663,0.25,0.25,0.25,0.25
ES2003d,664,0.180519,0.20428,0.240409,0.374792
ES2003d,665,0.18072,0.226664,0.267476,0.32514
ES2003d,666,0.180018,0.229877,0.268317,0.321788
ES2003d,667,0.18075581924418077,0.22062877937122063,0.24610775389224612,0.3525076474923525
ES2003d,668,0.183418,0.193271,0.20225,0.421061
ES2003d,669,0.1778301778301778,0.2028422028422028,0.21189021189021187,0.4074374074374074
ES2003d,670,0.180104,0.188009,0.201575,0.430312
ES2003d,671,0.180367,0.225486,0.269359,0.324788
ES2003d,672,0.17700317700317703,0.22769422769422773,0.23445023445023447,0.3608523608523609
ES2003d,673,0.177176,0.201016,0.216649,0.405159
ES2003d,674,0.188495,0.210546,0.258529,0.34243
ES2003d,675,0.181922,0.187143,0.203435,0.4275
ES2003d,676,0.18704018704018704,0.2052022052022052,0.22805422805422806,0.37970337970337975
ES2003d,677,0.18108118108118107,0.1924111924111924,0.19641019641019639,0.43009743009743007
ES2003d,678,0.25,0.25,0.25,0.25
ES2003d,679,0.17813917813917812,0.2528082528082528,0.27272527272527275,0.2963272963272963
ES2003d,680,0.175165,0.263768,0.270735,0.290332
ES2003d,681,0.1767858232141768,0.24685175314824687,0.26245073754926246,0.31391168608831393
ES2003d,682,0.176661,0.232818,0.227583,0.362938
ES2003d,683,0.179897,0.242399,0.261933,0.315771
ES2003d,684,0.179879,0.254278,0.257902,0.307941
ES2003d,685,0.181678,0.258295,0.254959,0.305068
ES2003d,686,0.1787981787981788,0.2753402753402753,0.24819624819624816,0.29766529766529765
ES2003d,687,0.17803200000000002,0.27678700000000006,0.25564600000000004,0.28953500000000004
ES2003d,688,0.179527,0.269933,0.258561,0.291979
ES2003d,689,0.193241,0.210638,0.231675,0.364446
ES2003d,690,0.181134,0.211401,0.251058,0.356407
ES2003d,691,0.18247,0.191134,0.201756,0.42464
ES2003d,692,0.25,0.25,0.25,0.25
ES2003d,693,0.25,0.25,0.25,0.25
ES2003d,694,0.179365,0.189867,0.197471,0.433297
ES2003d,695,0.17922382077617924,0.21412978587021414,0.23534976465023538,0.3712966287033713
ES2003d,696,0.18186581813418187,0.23015076984923016,0.2651217348782652,0.32286167713832287
ES2003d,697,0.18138418138418136,0.23678423678423677,0.2603842603842604,0.3214473214473214
ES2003d,698,0.177986,0.227021,0.249669,0.345324
ES2003d,699,0.18279081720918278,0.23192576807423188,0.23666276333723665,0.3486206513793486
ES2003d,700,0.25,0.25,0.25,0.25
ES2003d,701,0.25,0.25,0.25,0.25
ES2003d,702,0.180946,0.22198,0.252776,0.344298
ES2003d,703,0.17845482154517844,0.2222367777632222,0.23008076991923004,0.3692276307723692
ES2003d,704,0.16935283064716938,0.2733187266812733,0.2872537127462873,0.2700747299252701
ES2003d,705,0.17161200000000001,0.27858600000000006,0.25858000000000003,0.29122200000000004
ES2003d,706,0.17625282374717627,0.24515975484024516,0.2724647275352725,0.3061226938773061
ES2003d,707,0.17766717766717766,0.2503752503752504,0.2621902621902622,0.3097673097673098
ES2003d,708,0.178471,0.24508,0.271232,0.305217
ES2003d,709,0.175593,0.261773,0.270575,0.292059
ES2003d,710,0.17829,0.269175,0.260535,0.292
ES2003d,711,0.17705400000000002,0.26729400000000003,0.26761500000000005,0.28803700000000004
ES2003d,712,0.182888,0.250669,0.247692,0.318751
ES2003d,713,0.18535081464918532,0.24756675243324755,0.25986574013425984,0.3072166927833072
ES2003d,714,0.19599,0.250888,0.274604,0.278518
ES2003d,715,0.183404,0.249403,0.263065,0.304128
ES2003d,716,0.181752,0.247546,0.257045,0.313657
ES2003d,717,0.181981,0.22678,0.268249,0.32299
ES2003d,718,0.179288,0.226175,0.251472,0.343065
ES2003d,719,0.17988,0.228333,0.241521,0.350266
ES2003d,720,0.17907900000000002,0.24987600000000001,0.26179600000000003,0.30924900000000005
ES2003d,721,0.195945,0.300921,0.263175,0.239959
ES2003d,722,0.1845738154261846,0.27420172579827423,0.2935507064492936,0.2476737523262477
ES2003d,723,0.20008100000000004,0.29400000000000004,0.27419000000000004,0.23172900000000002
ES2003d,724,0.205643,0.28005,0.285148,0.229159
ES2003d,725,0.19823119823119822,0.2648212648212648,0.2878302878302878,0.24911724911724914
ES2003d,726,0.184017,0.272961,0.28423,0.258792
ES2003d,727,0.1775961775961776,0.2896522896522897,0.28523628523628525,0.24751524751524753
ES2003d,728,0.177965,0.307015,0.269454,0.245566
ES2003d,729,0.176102,0.301728,0.276729,0.245441
ES2003d,730,0.172974,0.302617,0.278262,0.246147
ES2003d,731,0.179824,0.284073,0.27512,0.260983
ES2003d,732,0.22731,0.293578,0.243675,0.235437
ES2003d,733,0.211666,0.280057,0.250545,0.257732
ES2003d,734,0.187639,0.305287,0.25146,0.255614
ES2003d,735,0.174984,0.315527,0.271235,0.238254
ES2003d,736,0.29863770136229867,0.2581727418272582,0.23330976669023332,0.2098797901202099
ES2003d,737,0.243508,0.269398,0.258945,0.228149
ES2003d,738,0.245006,0.255049,0.25856,0.241385
ES2003d,739,0.18655,0.233357,0.277489,0.302604
ES2003d,740,0.1808348191651808,0.2518547481452518,0.28829571170428825,0.27901472098527896
ES2003d,741,0.18042,0.273945,0.257762,0.287873
ES2003d,742,0.185119,0.286747,0.266278,0.261856
ES2003d,743,0.186135,0.293241,0.257789,0.262835
ES2003d,744,0.184325,0.24922,0.262207,0.304248
ES2003d,745,0.178841,0.255393,0.276499,0.289267
ES2003d,746,0.180980180980181,0.25938725938725943,0.26035426035426035,0.2992782992782993
ES2003d,747,0.189929,0.246331,0.269044,0.294696
ES2003d,748,0.196428,0.25962,0.262573,0.281379
ES2003d,749,0.1944308055691944,0.28118771881228116,0.2528167471832528,0.2715647284352715
ES2003d,750,0.1995278004721995,0.25126274873725124,0.2526067473932526,0.29660270339729655
ES2003d,751,0.178776,0.251791,0.261622,0.307811
ES2003d,752,0.196527,0.252237,0.264058,0.287178
ES2003d,753,0.180364,0.246535,0.281124,0.291977
ES2003d,754,0.1748021748021748,0.27018327018327015,0.2752732752732752,0.2797412797412797
ES2003d,755,0.172987,0.285991,0.27599,0.265032
ES2003d,756,0.171688,0.295158,0.276245,0.256909
ES2003d,757,0.1776,0.267693,0.276488,0.278219
ES2003d,758,0.17775117775117774,0.27982027982027985,0.26217826217826223,0.28025028025028026
ES2003d,759,0.183528,0.258644,0.274355,0.283473
ES2003d,760,0.183735,0.256652,0.264811,0.294802
ES2003d,761,0.17975400000000002,0.26541600000000004,0.27693100000000004,0.27789900000000006
ES2003d,762,0.18231,0.256261,0.280874,0.280555
ES2003d,763,0.181368,0.248885,0.288181,0.281566
ES2003d,764,0.180973,0.267825,0.272866,0.278336
ES2003d,765,0.175459,0.267935,0.269137,0.287469
ES2003d,766,0.25,0.25,0.25,0.25
ES2003d,767,0.173374,0.277756,0.279792,0.269078
ES2003d,768,0.1805371805371805,0.25987125987125986,0.27745627745627743,0.28213528213528216
ES2003d,769,0.200304,0.228379,0.277396,0.293921
ES2003d,770,0.21660778339221656,0.2271157728842271,0.27478672521327474,0.2814897185102815
ES2003d,771,0.183344,0.245266,0.286502,0.284888
ES2003d,772,0.1806718193281807,0.23932176067823935,0.2646747353252647,0.31533168466831535
ES2003d,773,0.18239618239618238,0.23144723144723145,0.26522426522426523,0.3209323209323209
ES2003d,774,0.20682379317620686,0.23140476859523143,0.25514974485025516,0.30662169337830664
ES2003d,775,0.176837,0.262616,0.274506,0.286041
ES2003d,776,0.17476082523917474,0.25362274637725357,0.2799147200852799,0.2917017082982917
ES2003d,777,0.191493,0.280798,0.260022,0.267687
ES2003d,778,0.199814,0.283398,0.254906,0.261882
ES2003d,779,0.190891,0.286016,0.258899,0.264194
ES2003d,780,0.18962000000000004,0.28657900000000003,0.26488700000000004,0.25891400000000003
ES2003d,781,0.1992,0.284333,0.261864,0.254603
ES2003d,782,0.3308276691723308,0.23243676756323242,0.22867677132322864,0.20805879194120802
ES2003d,783,0.2581692581692582,0.2560932560932561,0.2739032739032739,0.21183421183421183
ES2003d,784,0.21229021229021228,0.2755612755612755,0.2734312734312734,0.2387172387172387
ES2003d,785,0.195837,0.256963,0.276538,0.270662
ES2003d,786,0.18300981699018304,0.255975744024256,0.26309473690526314,0.29791970208029794
ES2003d,787,0.181091,0.253964,0.271278,0.293667
ES2003d,788,0.177205,0.265985,0.28061,0.2762
ES2003d,789,0.18198,0.286862,0.269274,0.261884
ES2003d,790,0.190299,0.230386,0.233444,0.345871
ES2003d,791,0.175343,0.282694,0.277807,0.264156
ES2003d,792,0.194117,0.240958,0.278467,0.286458
ES2003d,793,0.190534,0.295879,0.280312,0.233275
ES2003d,794,0.173677,0.253777,0.289368,0.283178
ES2003d,795,0.182404,0.224465,0.252537,0.340594
ES2003d,796,0.184969,0.243586,0.266984,0.304461
ES2003d,797,0.18201718201718203,0.2642422642422642,0.26823126823126825,0.2855092855092855
ES2003d,798,0.185637,0.287301,0.255594,0.271468
ES2003d,799,0.193036,0.265616,0.248638,0.29271
ES2003d,800,0.190786,0.272891,0.243422,0.292901
ES2003d,801,0.186518,0.274681,0.248244,0.290557
ES2003d,802,0.194432,0.261533,0.25741,0.286625
ES2003d,803,0.189292,0.214733,0.263791,0.332184
ES2003d,804,0.19436019436019436,0.2719232719232719,0.2659622659622659,0.26775426775426775
ES2003d,805,0.197329,0.276421,0.268249,0.258001
ES2003d,806,0.18609118609118613,0.28381428381428386,0.262962262962263,0.2671322671322672
ES2003d,807,0.169691,0.279626,0.282701,0.267982
ES2003d,808,0.173010173010173,0.2765432765432765,0.2793102793102793,0.2711362711362711
ES2003d,809,0.193997,0.29214,0.262692,0.251171
ES2003d,810,0.183944,0.224901,0.272079,0.319076
ES2003d,811,0.17961482038517962,0.2411907588092412,0.2683057316942683,0.31088868911131096
ES2003d,812,0.212498,0.298614,0.257797,0.231091
ES2003d,813,0.179573,0.208943,0.207027,0.404457
ES2003d,814,0.18126118126118126,0.27203327203327204,0.25800325800325796,0.2887022887022887
ES2003d,815,0.195998,0.279329,0.26764,0.257033
ES2003d,816,0.184883,0.260838,0.265741,0.288538
ES2003d,817,0.181805,0.25223,0.252705,0.31326
ES2003d,818,0.176935,0.251083,0.243558,0.328424
ES2003d,819,0.175495,0.257993,0.244457,0.322055
ES2003d,820,0.19947580052419947,0.27583872416127586,0.29238870761129243,0.23229676770323232
ES2003d,821,0.180356,0.238016,0.246309,0.335319
ES2003d,822,0.18174281825718175,0.24148375851624151,0.28325071674928326,0.2935227064772935
ES2003d,823,0.1847891847891848,0.23952423952423949,0.2756592756592756,0.3000273000273
ES2003d,824,0.183783,0.234577,0.246562,0.335078
ES2003d,825,0.183276,0.235504,0.258941,0.322279
ES2003d,826,0.179406,0.244774,0.27999,0.29583
ES2003d,827,0.18556281443718559,0.23467076532923467,0.2598927401072599,0.3198736801263199
ES2003d,828,0.1791598208401792,0.2528457471542529,0.2666317333682666,0.30136269863730136
ES2003d,829,0.182111,0.251558,0.270222,0.296109
ES2003d,830,0.18260381739618256,0.25674374325625676,0.262024737975262,0.2986277013722986
ES2003d,831,0.180454,0.233409,0.25674,0.329397
ES2003d,832,0.177151,0.23893,0.266002,0.317917
ES2003d,833,0.17931882068117935,0.2613037386962613,0.2611027388972611,0.2982747017252983
ES2003d,834,0.205744,0.229031,0.273629,0.291596
ES2003d,835,0.216723,0.226606,0.268013,0.288658
ES2003d,836,0.19932880067119935,0.23349776650223353,0.2770697229302771,0.2901037098962901
ES2003d,837,0.184304,0.265063,0.266136,0.284497
ES2003d,838,0.180207,0.243212,0.261223,0.315358
ES2003d,839,0.19476,0.224996,0.28127,0.298974
ES2003d,840,0.181749,0.234936,0.253126,0.330189
ES2003d,841,0.180025,0.246632,0.231703,0.34164
ES2003d,842,0.179387,0.239033,0.244168,0.337412
ES2003d,843,0.176818,0.268688,0.227182,0.327312
ES2003d,844,0.205053,0.293128,0.282763,0.219056
ES2003d,845,0.280878,0.262403,0.244546,0.212173
ES2003d,846,0.18316281683718313,0.28217471782528214,0.24385075614924384,0.2908117091882908
ES2003d,847,0.175349,0.285441,0.235435,0.303775
ES2003d,848,0.1787978212021788,0.25752174247825743,0.23696576303423694,0.32671467328532666
ES2003d,849,0.25,0.25,0.25,0.25
ES2003d,850,0.25,0.25,0.25,0.25
ES2003d,851,0.25,0.25,0.25,0.25
ES2003d,852,0.25,0.25,0.25,0.25
ES2003d,853,0.207864,0.24057,0.233226,0.31834
ES2003d,854,0.189847,0.228098,0.284483,0.297572
ES2003d,855,0.197123,0.215158,0.230023,0.357696
ES2003d,856,0.19802619802619803,0.20671920671920674,0.2262312262312262,0.369023369023369
ES2003d,857,0.175814,0.226562,0.233503,0.364121
ES2003d,858,0.175662,0.213102,0.203694,0.407542
ES2003d,859,0.25,0.25,0.25,0.25
ES2003d,860,0.25,0.25,0.25,0.25
ES2003d,861,0.25,0.25,0.25,0.25
ES2003d,862,0.25,0.25,0.25,0.25
ES2003d,863,0.25,0.25,0.25,0.25
ES2003d,864,0.25,0.25,0.25,0.25
ES2003d,865,0.20517979482020515,0.22666977333022664,0.2523497476502523,0.31580068419931573
ES2003d,866,0.193599,0.215132,0.248013,0.343256
ES2003d,867,0.18570318570318572,0.19626819626819628,0.20675520675520676,0.41127341127341127
ES2003d,868,0.198691,0.207508,0.207292,0.386509
ES2003d,869,0.2131,0.230421,0.231464,0.325015
ES2003d,870,0.25,0.25,0.25,0.25
ES2003d,871,0.25,0.25,0.25,0.25
ES2003d,872,0.25,0.25,0.25,0.25
ES2003d,873,0.25,0.25,0.25,0.25
ES2003d,874,0.25,0.25,0.25,0.25
ES2003d,875,0.25,0.25,0.25,0.25
ES2003d,876,0.25,0.25,0.25,0.25
ES2003d,877,0.25,0.25,0.25,0.25
ES2003d,878,0.25,0.25,0.25,0.25
ES2003d,879,0.25,0.25,0.25,0.25
ES2003d,880,0.25,0.25,0.25,0.25
ES2003d,881,0.25,0.25,0.25,0.25
ES2003d,882,0.18194281805718196,0.25012074987925015,0.26733473266526736,0.3006016993983006
ES2003d,883,0.1906828093171907,0.24189375810624192,0.2525087474912525,0.31491468508531495
ES2003d,884,0.184114,0.250687,0.272537,0.292662
ES2003d,885,0.177609,0.277658,0.273967,0.270766
ES2003d,886,0.17928617928617926,0.27763927763927765,0.2825102825102825,0.2605642605642606
ES2003d,887,0.174369,0.283333,0.281126,0.261172
ES2003d,888,0.1754788245211755,0.2858987141012859,0.2787897212102788,0.2598327401672598
ES2003d,889,0.171987,0.281948,0.277573,0.268492
ES2003d,890,0.16524816524816524,0.30667130667130665,0.28258028258028256,0.2455002455002455
ES2003d,891,0.1789098210901789,0.2681447318552681,0.2677187322812677,0.2852267147732852
ES2003d,892,0.183679,0.276249,0.270108,0.269964
ES2003d,893,0.177696,0.280867,0.279437,0.262
ES2003d,894,0.177389,0.272457,0.281768,0.268386
ES2003d,895,0.178321,0.272225,0.294023,0.255431
ES2003d,896,0.173251,0.246831,0.3046,0.275318
ES2003d,897,0.17766782233217768,0.24650175349824652,0.29358970641029364,0.2822407177592823
ES2003d,898,0.174921,0.27648,0.294583,0.254016
ES2003d,899,0.174255,0.279429,0.293333,0.252983
ES2003d,900,0.170664,0.287492,0.288344,0.2535
ES2003d,901,0.168908,0.290711,0.289022,0.251359
ES2003d,902,0.17692917692917692,0.24594224594224592,0.2943312943312943,0.2827972827972828
ES2003d,903,0.17645200000000003,0.26746600000000004,0.28511400000000003,0.27096800000000004
ES2003d,904,0.17610517610517612,0.27124627124627126,0.2807032807032807,0.27194527194527196
ES2003d,905,0.1749,0.276918,0.271156,0.277026
ES2003d,906,0.173916,0.282386,0.274967,0.268731
ES2003d,907,0.177993,0.253368,0.265585,0.303054
ES2003d,908,0.176958,0.257097,0.275108,0.290837
ES2003d,909,0.175648,0.265993,0.271368,0.286991
ES2003d,910,0.177927,0.282061,0.261092,0.27892
ES2003d,911,0.175617,0.272432,0.269023,0.282928
ES2003d,912,0.17730017730017733,0.27791927791927795,0.2616422616422616,0.28313828313828315
ES2003d,913,0.176659,0.273145,0.276615,0.273581
ES2003d,914,0.175779,0.270807,0.281028,0.272386
ES2003d,915,0.177419,0.274142,0.267878,0.280561
ES2003d,916,0.189944,0.242948,0.296499,0.270609
ES2003d,917,0.187525,0.250219,0.302496,0.25976
ES2003d,918,0.196937,0.232229,0.285613,0.285221
ES2003d,919,0.189305,0.233817,0.296407,0.280471
ES2003d,920,0.181582,0.252638,0.285782,0.279998
ES2003d,921,0.175998,0.262292,0.301214,0.260496
ES2003d,922,0.189691,0.283347,0.288823,0.238139
ES2003d,923,0.225172,0.226576,0.266893,0.281359
ES2003d,924,0.186248,0.276936,0.272657,0.264159
ES2003d,925,0.193939,0.239424,0.278264,0.288373
ES2003d,926,0.20137520137520135,0.22948822948822947,0.2899352899352899,0.27920127920127913
ES2003d,927,0.203246,0.234862,0.285406,0.276486
ES2003d,928,0.218754,0.245924,0.283361,0.251961
ES2003d,929,0.201629,0.252627,0.277343,0.268401
ES2003d,930,0.182899,0.233026,0.309073,0.275002
ES2003d,931,0.185649,0.231925,0.296385,0.286041
ES2003d,932,0.177501,0.249059,0.309072,0.264368
ES2003d,933,0.201995,0.252811,0.258399,0.286795
ES2003d,934,0.191955,0.23685,0.267945,0.30325
ES2003d,935,0.188983,0.218031,0.2686,0.324386
ES2003d,936,0.19157580842419156,0.22603277396722601,0.2757477242522757,0.30664369335630665
ES2003d,937,0.190749,0.220727,0.262928,0.325596
ES2003d,938,0.195132,0.213844,0.265349,0.325675
ES2003d,939,0.189606,0.219032,0.278342,0.31302
ES2003d,940,0.187958,0.227574,0.287304,0.297164
ES2003d,941,0.19221500000000002,0.22201400000000002,0.26852200000000004,0.31724900000000006
ES2003d,942,0.17351182648817354,0.26125973874026126,0.2555217444782556,0.3097066902933097
ES2003d,943,0.175859,0.245656,0.219889,0.358596
ES2003d,944,0.246378,0.287607,0.242336,0.223679
ES2003d,945,0.2540892540892541,0.2865072865072865,0.24395424395424395,0.21544921544921544
ES2003d,946,0.213010213010213,0.2968102968102968,0.26161726161726157,0.22856222856222852
ES2003d,947,0.1861381861381861,0.3023213023213023,0.2727202727202727,0.2388202388202388
ES2003d,948,0.18541800000000003,0.27969700000000003,0.29064300000000004,0.24424200000000001
ES2003d,949,0.182312,0.274554,0.288065,0.255069
ES2003d,950,0.184877,0.275603,0.284902,0.254618
ES2003d,951,0.19006119006119007,0.2621642621642622,0.2825162825162825,0.26525826525826524
ES2003d,952,0.189655,0.255065,0.277817,0.277463
ES2003d,953,0.186027,0.285833,0.263452,0.264688
ES2003d,954,0.188979,0.288841,0.268642,0.253538
ES2003d,955,0.189489,0.285127,0.262907,0.262477
ES2003d,956,0.190792,0.271325,0.265766,0.272117
ES2003d,957,0.18914018914018915,0.27405127405127405,0.2692492692492693,0.26755926755926757
ES2003d,958,0.190983,0.283482,0.257359,0.268176
ES2003d,959,0.186981,0.279539,0.268977,0.264503
ES2003d,960,0.18655700000000003,0.27015000000000006,0.27132100000000003,0.27197200000000005
ES2003d,961,0.186741,0.290537,0.261005,0.261717
ES2003d,962,0.186609,0.281145,0.267464,0.264782
ES2003d,963,0.17875517875517874,0.2532882532882533,0.27512227512227505,0.2928342928342928
ES2003d,964,0.17880782119217878,0.24211675788324208,0.26348373651626344,0.31559168440831553
ES2003d,965,0.1751081751081751,0.25293925293925296,0.28018628018628017,0.29176629176629176
ES2003d,966,0.173225,0.272849,0.272257,0.281669
ES2003d,967,0.178626,0.241555,0.26943,0.310389
ES2003d,968,0.178324,0.245962,0.278651,0.297063
ES2003d,969,0.177231,0.241906,0.280669,0.300194
ES2003d,970,0.18205081794918201,0.22957077042922955,0.27943972056027944,0.3089386910613089
ES2003d,971,0.170628,0.29035,0.298795,0.240227
ES2003d,972,0.175103,0.281735,0.282704,0.260458
ES2003d,973,0.174226,0.278807,0.293698,0.253269
ES2003d,974,0.173191,0.288143,0.287191,0.251475
ES2003d,975,0.17636,0.258317,0.282677,0.282646
ES2003d,976,0.178579,0.209511,0.21462,0.39729
ES2003d,977,0.25,0.25,0.25,0.25
ES2003d,978,0.25,0.25,0.25,0.25
ES2003d,979,0.25,0.25,0.25,0.25
ES2003d,980,0.25,0.25,0.25,0.25
ES2003d,981,0.25,0.25,0.25,0.25
ES2003d,982,0.25,0.25,0.25,0.25
ES2003d,983,0.25,0.25,0.25,0.25
ES2003d,984,0.25,0.25,0.25,0.25
ES2003d,985,0.25,0.25,0.25,0.25
ES2003d,986,0.25,0.25,0.25,0.25
ES2003d,987,0.25,0.25,0.25,0.25
ES2003d,988,0.25,0.25,0.25,0.25
ES2003d,989,0.25,0.25,0.25,0.25
ES2003d,990,0.25,0.25,0.25,0.25
ES2003d,991,0.25,0.25,0.25,0.25
ES2003d,992,0.25,0.25,0.25,0.25
ES2003d,993,0.25,0.25,0.25,0.25
ES2003d,994,0.17854917854917854,0.21086621086621085,0.24026124026124024,0.3703233703233703
ES2003d,995,0.179815,0.213314,0.241323,0.365548
ES2003d,996,0.25,0.25,0.25,0.25
ES2003d,997,0.179028,0.202537,0.212669,0.405766
ES2003d,998,0.18152,0.218121,0.235953,0.364406
ES2003d,999,0.177901,0.264183,0.280193,0.277723
ES2003d,1000,0.180859,0.271987,0.256989,0.290165
ES2003d,1001,0.179289,0.243047,0.275421,0.302243
ES2003d,1002,0.182512,0.240969,0.266042,0.310477
ES2003d,1003,0.178409,0.266252,0.260793,0.294546
ES2003d,1004,0.1723048276951723,0.2763197236802763,0.25250774749225247,0.2988677011322988
ES2003d,1005,0.180209,0.209498,0.223201,0.387092
ES2003d,1006,0.178656,0.25915,0.242281,0.319913
ES2003d,1007,0.184317,0.233196,0.230327,0.35216
ES2003d,1008,0.25,0.25,0.25,0.25
ES2003d,1009,0.180918,0.199839,0.200639,0.418604
ES2003d,1010,0.25,0.25,0.25,0.25
ES2003d,1011,0.25,0.25,0.25,0.25
ES2003d,1012,0.25,0.25,0.25,0.25
ES2003d,1013,0.181297,0.19948,0.208549,0.410674
ES2003d,1014,0.17901882098117905,0.1946788053211947,0.20960379039620963,0.41669858330141674
ES2003d,1015,0.183002,0.234991,0.268293,0.313714
ES2003d,1016,0.177355,0.219672,0.240033,0.36294
ES2003d,1017,0.17350282649717347,0.23199676800323196,0.2851167148832851,0.3093836906163093
ES2003d,1018,0.17522182477817522,0.2407707592292408,0.2785517214482786,0.3054556945443055
ES2003d,1019,0.17854782145217854,0.20629379370620626,0.2003237996762003,0.41483458516541477
ES2003d,1020,0.174998,0.256096,0.254865,0.314041
ES2003d,1021,0.180481,0.237375,0.247066,0.335078
ES2003d,1022,0.17241,0.243826,0.271723,0.312041
ES2003d,1023,0.17116,0.252086,0.272962,0.303792
ES2003d,1024,0.172325,0.243988,0.271643,0.312044
ES2003d,1025,0.17908617908617908,0.24368624368624367,0.2513712513712514,0.3258563258563258
ES2003d,1026,0.1777328222671777,0.22307777692222305,0.2619717380282619,0.33721766278233717
ES2003d,1027,0.17680817680817681,0.24743524743524745,0.264991264991265,0.31076531076531083
ES2003d,1028,0.17883417883417882,0.20772120772120772,0.23557223557223558,0.3778723778723779
ES2003d,1029,0.180871,0.210205,0.234337,0.374587
ES2003d,1030,0.176317,0.203332,0.213017,0.407334
ES2003d,1031,0.179306,0.223495,0.249122,0.348077
ES2003d,1032,0.25,0.25,0.25,0.25
ES2003d,1033,0.25,0.25,0.25,0.25
ES2003d,1034,0.25,0.25,0.25,0.25
ES2003d,1035,0.192212,0.200519,0.201787,0.405482
ES2003d,1036,0.195102,0.270773,0.265258,0.268867
ES2003d,1037,0.183811,0.253932,0.268077,0.29418
ES2003d,1038,0.21287878712121291,0.25112474887525116,0.2291807708192292,0.3068156931843068
ES2003d,1039,0.230517,0.250628,0.233208,0.285647
ES2003d,1040,0.2457537542462457,0.22431077568922428,0.21441978558021438,0.3155156844843155
ES2003d,1041,0.186275,0.218176,0.248098,0.347451
ES2003d,1042,0.18203,0.237712,0.29031,0.289948
ES2003d,1043,0.18047,0.238648,0.294724,0.286158
ES2003d,1044,0.177464,0.222303,0.296099,0.304134
ES2003d,1045,0.17956,0.228118,0.287489,0.304833
ES2003d,1046,0.177467,0.214874,0.256213,0.351446
ES2003d,1047,0.173773,0.239122,0.273245,0.31386
ES2003d,1048,0.174347,0.241071,0.266157,0.318425
ES2003d,1049,0.18002218002217998,0.21975821975821974,0.2672352672352672,0.33298433298433294
ES2003d,1050,0.1787251787251787,0.21815221815221814,0.26356826356826357,0.33955433955433956
ES2003d,1051,0.178376,0.226817,0.259197,0.33561
ES2003d,1052,0.177472,0.228801,0.264209,0.329518
ES2003d,1053,0.1746818253181747,0.23552776447223553,0.2711457288542712,0.3186446813553187
ES2003d,1054,0.175362,0.2318,0.276096,0.316742
ES2003d,1055,0.17445917445917447,0.2316802316802317,0.2711722711722712,0.32268832268832265
ES2003d,1056,0.17706,0.235497,0.260682,0.326761
ES2003d,1057,0.174199,0.256931,0.266072,0.302798
ES2003d,1058,0.17387700000000003,0.24534500000000004,0.28018200000000004,0.30059600000000003
ES2003d,1059,0.17904017904017908,0.21801321801321805,0.23231523231523235,0.3706313706313707
ES2003d,1060,0.17717682282317715,0.22399277600722395,0.2317347682652317,0.36709563290436703
ES2003d,1061,0.17391000000000004,0.24421500000000002,0.26419400000000004,0.31768100000000005
ES2003d,1062,0.174449,0.21943,0.239984,0.366137
ES2003d,1063,0.177846,0.224442,0.241078,0.356634
ES2003d,1064,0.170438,0.240576,0.276224,0.312762
ES2003d,1065,0.18450981549018453,0.2241717758282242,0.25872174127825875,0.3325966674033326
ES2003d,1066,0.18286281713718283,0.24487075512924483,0.2537297462702537,0.3185366814633185
ES2003d,1067,0.183812,0.247809,0.253542,0.314837
ES2003d,1068,0.184001,0.24782,0.263051,0.305128
ES2003d,1069,0.18090600000000004,0.26180200000000003,0.25988100000000003,0.29741100000000004
ES2003d,1070,0.18277618277618277,0.24663524663524664,0.25994225994225995,0.31064631064631065
ES2003d,1071,0.182431,0.256601,0.2576,0.303368
ES2003d,1072,0.18317,0.256309,0.258485,0.302036
ES2003d,1073,0.182529,0.246288,0.265034,0.306149
ES2003d,1074,0.189213,0.21368,0.253599,0.343508
ES2003d,1075,0.19069119069119073,0.20981320981320983,0.2611402611402612,0.33835533835533843
ES2003d,1076,0.187238,0.218825,0.257471,0.336466
ES2003d,1077,0.185241,0.22356,0.276895,0.314304
ES2003d,1078,0.186516,0.213951,0.274598,0.324935
ES2003d,1079,0.18694218694218695,0.21427221427221427,0.27303127303127306,0.3257543257543257
ES2003d,1080,0.18443918443918442,0.23069423069423067,0.2784752784752784,0.3063913063913064
ES2003d,1081,0.18335118335118333,0.23683123683123683,0.2969452969452969,0.2828722828722829
ES2003d,1082,0.183936,0.242502,0.289544,0.284018
ES2003d,1083,0.1903718096281904,0.22083777916222086,0.28159071840928157,0.3071996928003072
ES2003d,1084,0.18569481430518567,0.22019077980922017,0.30532769467230525,0.28878671121328875
ES2003d,1085,0.18907881092118906,0.23355176644823353,0.27593172406827593,0.3014376985623014
ES2003d,1086,0.189458,0.253877,0.285909,0.270756
ES2003d,1087,0.1812848187151813,0.27235372764627236,0.28786271213728787,0.2584987415012585
ES2003d,1088,0.1731701731701732,0.2380542380542381,0.2787632787632788,0.31001231001231006
ES2003d,1089,0.1708091708091708,0.23720623720623718,0.2737462737462737,0.3182383182383182
ES2003d,1090,0.169941,0.238815,0.281674,0.30957
ES2003d,1091,0.176954,0.235076,0.278148,0.309822
ES2003d,1092,0.17227217227217226,0.24506724506724506,0.27444327444327443,0.3082173082173082
ES2003d,1093,0.17503017503017504,0.253008253008253,0.25646125646125645,0.3155003155003155
ES2003d,1094,0.17641717641717639,0.1994171994171994,0.21545121545121543,0.40871440871440873
ES2003d,1095,0.25,0.25,0.25,0.25
ES2003d,1096,0.25,0.25,0.25,0.25
ES2003d,1097,0.25,0.25,0.25,0.25
ES2003d,1098,0.175808,0.206011,0.206782,0.411399
ES2003d,1099,0.1738191738191738,0.23647023647023646,0.2595402595402595,0.33017033017033015
ES2003d,1100,0.173959,0.237261,0.263532,0.325248
ES2003d,1101,0.17771,0.192149,0.203361,0.42678
ES2003d,1102,0.175479,0.201889,0.204923,0.417709
ES2003d,1103,0.17633017633017634,0.22304922304922306,0.2277122277122277,0.3729083729083729
ES2003d,1104,0.177343,0.197664,0.202654,0.422339
ES2003d,1105,0.17694382305617695,0.2245767754232246,0.23125376874623127,0.36722563277436726
ES2003d,1106,0.18631781368218633,0.31263068736931265,0.2588827411172589,0.24216875783124217
ES2003d,1107,0.181393,0.314929,0.26471,0.238968
ES2003d,1108,0.18261818261818263,0.2942822942822943,0.2772572772572772,0.24584224584224584
ES2003d,1109,0.174978,0.241618,0.276496,0.306908
ES2003d,1110,0.1763768236231764,0.24635575364424636,0.2736497263502737,0.3036176963823036
ES2003d,1111,0.17819517819517822,0.22362522362522363,0.27792527792527794,0.32025432025432027
ES2003d,1112,0.178297,0.251774,0.263723,0.306206
ES2003d,1113,0.178819,0.225598,0.256897,0.338686
ES2003d,1114,0.179064,0.228286,0.244552,0.348098
ES2003d,1115,0.1798271798271798,0.22546222546222544,0.2557672557672558,0.3389433389433389
ES2003d,1116,0.176339,0.230251,0.266856,0.326554
ES2003d,1117,0.17661400000000002,0.23677800000000002,0.26252200000000003,0.32408600000000004
ES2003d,1118,0.17839282160717837,0.2274217725782274,0.25839274160725834,0.3357926642073358
ES2003d,1119,0.176874,0.240228,0.263094,0.319804
ES2003d,1120,0.173404,0.242679,0.265247,0.31867
ES2003d,1121,0.173243,0.245882,0.277932,0.302943
ES2003d,1122,0.176189,0.238348,0.262467,0.322996
ES2003d,1123,0.179147,0.208002,0.228214,0.384637
ES2003d,1124,0.25,0.25,0.25,0.25
ES2003d,1125,0.178484,0.194822,0.208452,0.418242
ES2003d,1126,0.177894,0.191301,0.205468,0.425337
ES2003d,1127,0.25,0.25,0.25,0.25
ES2003d,1128,0.25,0.25,0.25,0.25
ES2003d,1129,0.25,0.25,0.25,0.25
ES2003d,1130,0.17897882102117899,0.18992681007318996,0.20564679435320565,0.4254475745524255
ES2003d,1131,0.17867817867817867,0.21119121119121118,0.21474121474121474,0.3953893953893954
ES2003d,1132,0.176371,0.238014,0.249814,0.335801
ES2003d,1133,0.25,0.25,0.25,0.25
ES2003d,1134,0.180154,0.209075,0.205035,0.405736
ES2003d,1135,0.1788111788111788,0.21793621793621792,0.2155992155992156,0.3876533876533877
ES2003d,1136,0.179268,0.240706,0.256724,0.323302
ES2003d,1137,0.180059,0.231928,0.248772,0.339241
ES2003d,1138,0.17916617916617916,0.2086862086862087,0.20975820975820977,0.4023894023894024
ES2003d,1139,0.1765281765281765,0.26424926424926426,0.28519028519028516,0.274032274032274
ES2003d,1140,0.17748,0.255489,0.284492,0.282539
ES2003d,1141,0.17574782425217572,0.256992743007257,0.28281271718728274,0.28444671555328443
ES2003d,1142,0.176876,0.235035,0.253934,0.334155
ES2003d,1143,0.1791,0.193235,0.200181,0.427484
ES2003d,1144,0.178838,0.23906,0.284706,0.297396
ES2003d,1145,0.179008,0.255942,0.276633,0.288417
ES2003d,1146,0.179995,0.236089,0.252808,0.331108
ES2003d,1147,0.173473,0.271572,0.284212,0.270743
ES2003d,1148,0.1741048258951741,0.26897873102126896,0.28448771551228447,0.27242872757127234
ES2003d,1149,0.17839217839217839,0.2347712347712348,0.2357972357972358,0.351039351039351
ES2003d,1150,0.17659600000000003,0.24569500000000002,0.25263800000000003,0.32507100000000005
ES2003d,1151,0.181869,0.239029,0.237539,0.341563
ES2003d,1152,0.19034219034219033,0.24318724318724316,0.24995624995624996,0.3165143165143165
ES2003d,1153,0.195462,0.237126,0.26271,0.304702
ES2003d,1154,0.1778118221881778,0.22481277518722478,0.2658237341762658,0.3315516684483315
ES2003d,1155,0.17836417836417834,0.23498423498423496,0.23644723644723642,0.3502043502043502
ES2003d,1156,0.25,0.25,0.25,0.25
ES2003d,1157,0.25,0.25,0.25,0.25
ES2003d,1158,0.25,0.25,0.25,0.25
ES2003d,1159,0.25,0.25,0.25,0.25
ES2003d,1160,0.25,0.25,0.25,0.25
ES2003d,1161,0.25,0.25,0.25,0.25
ES2003d,1162,0.25,0.25,0.25,0.25
ES2003d,1163,0.25,0.25,0.25,0.25
ES2003d,1164,0.178857,0.209593,0.235842,0.375708
ES2003d,1165,0.1785338214661785,0.22518977481022515,0.23729476270523728,0.35898164101835894
ES2003d,1166,0.18078,0.211794,0.231419,0.376007
ES2003d,1167,0.176466,0.192235,0.207503,0.423796
ES2003d,1168,0.18313218313218313,0.19965119965119965,0.2282082282082282,0.389008389008389
ES2003d,1169,0.1802828197171803,0.23405176594823407,0.2633537366462633,0.3223116776883223
ES2003d,1170,0.178975,0.226321,0.258451,0.336253
ES2003d,1171,0.17767,0.242504,0.225854,0.353972
ES2003d,1172,0.176195,0.230137,0.239969,0.353699
ES2003d,1173,0.17525182474817524,0.23106676893323108,0.23111276888723115,0.3625686374313626
ES2003d,1174,0.175538,0.266679,0.272426,0.285357
ES2003d,1175,0.177049,0.203013,0.200364,0.419574
ES2003d,1176,0.176146,0.247892,0.25174,0.324222
ES2003d,1177,0.17411682588317412,0.2592427407572593,0.2567187432812567,0.30992169007830994
ES2003d,1178,0.17521,0.239781,0.251695,0.333314
ES2003d,1179,0.17805382194617805,0.21900278099721904,0.22630477369522634,0.37663862336137666
ES2003d,1180,0.17885000000000004,0.22518300000000002,0.22962400000000002,0.36634300000000003
ES2003d,1181,0.175804,0.255234,0.270439,0.298523
ES2003d,1182,0.176386,0.261046,0.265382,0.297186
ES2003d,1183,0.17915882084117918,0.19081180918819085,0.20199179800820202,0.42803757196242803
ES2003d,1184,0.178604,0.221381,0.254099,0.345916
ES2003d,1185,0.180848,0.208357,0.208629,0.402166
ES2003d,1186,0.17858717858717857,0.22549622549622547,0.2324502324502324,0.36346636346636346
ES2003d,1187,0.17793282206717795,0.22680577319422685,0.22825977174022827,0.367001632998367
ES2003d,1188,0.178849,0.230101,0.257409,0.333641
ES2003d,1189,0.178406,0.219554,0.23059,0.37145
ES2003d,1190,0.17747,0.244796,0.259472,0.318262
ES2003d,1191,0.25,0.25,0.25,0.25
ES2003d,1192,0.25,0.25,0.25,0.25
ES2003d,1193,0.209945,0.284773,0.248388,0.256894
ES2003d,1194,0.20171220171220175,0.2785802785802786,0.2519032519032519,0.2678042678042678
ES2003d,1195,0.186183,0.288912,0.261263,0.263642
ES2003d,1196,0.17878617878617878,0.29399729399729396,0.23557023557023554,0.29164629164629163
ES2003d,1197,0.180066,0.277164,0.230553,0.312217
ES2003d,1198,0.17676582323417678,0.28413871586128414,0.2482697517302483,0.29082570917429085
ES2003d,1199,0.188487,0.298043,0.23831,0.27516
ES2003d,1200,0.20470779529220468,0.3014366985633014,0.2692437307562692,0.22461177538822458
ES2003d,1201,0.25,0.25,0.25,0.25
ES2003d,1202,0.25,0.25,0.25,0.25
ES2003d,1203,0.25,0.25,0.25,0.25
ES2003d,1204,0.25,0.25,0.25,0.25
ES2003d,1205,0.25,0.25,0.25,0.25
ES2003d,1206,0.25,0.25,0.25,0.25
ES2003d,1207,0.25,0.25,0.25,0.25
