clip_id,actor,emotion_code,emotion_4class,p_happy,p_angry,p_sad,p_neutral
01_01_01_01_01,1,1,neutral,0.670219,0.096412,0.007584,0.225785
01_01_01_01_02,1,1,neutral,0.832011,0.044879,0.003015,0.120095
01_01_01_02_01,1,1,neutral,0.728225,0.052105,0.00192,0.21775
01_01_01_02_02,1,1,neutral,0.897583,0.003502,0.002973,0.095942
01_02_01_01_01,1,2,neutral,0.697799,0.065116,0.004846,0.232239
01_02_01_01_02,1,2,neutral,0.785471,0.019555,0.017003,0.177971
01_02_01_02_01,1,2,neutral,0.913568,0.008147,0.004366,0.073918
01_02_01_02_02,1,2,neutral,0.794717,0.010875,0.010909,0.183499
01_02_02_01_01,1,2,neutral,0.630462,0.015873,0.083482,0.270182
01_02_02_01_02,1,2,neutral,0.805244,0.006955,0.044792,0.143009
01_02_02_02_01,1,2,neutral,0.728981,0.005626,0.108576,0.156817
01_02_02_02_02,1,2,neutral,0.87185,0.002299,0.038232,0.08762
01_03_01_01_01,1,3,happy,0.722716,0.109458,0.001076,0.166749
01_03_01_01_02,1,3,happy,0.816468,0.09748,0.003493,0.08256
01_03_01_02_01,1,3,happy,0.887742,0.031125,0.00221,0.078924
01_03_01_02_02,1,3,happy,0.7987,0.09692,0.001988,0.102392
01_03_02_01_01,1,3,happy,0.631311,0.279648,0.002041,0.087001
01_03_02_01_02,1,3,happy,0.829671,0.122226,0.002691,0.045412
01_03_02_02_01,1,3,happy,0.923552,0.067663,0.000494,0.008291
01_03_02_02_02,1,3,happy,0.907696,0.084209,0.00069,0.007405
01_04_01_01_01,1,4,sad,0.609466,0.038018,0.056157,0.296359
01_04_01_01_02,1,4,sad,0.907222,0.011093,0.01774,0.063945
01_04_01_02_01,1,4,sad,0.58462,0.041958,0.020039,0.353383
01_04_01_02_02,1,4,sad,0.799042,0.022079,0.014151,0.164729
01_04_02_01_01,1,4,sad,0.581974,0.021307,0.036991,0.359728
01_04_02_01_02,1,4,sad,0.857541,0.055657,0.007106,0.079697
01_04_02_02_01,1,4,sad,0.869012,0.033302,0.002327,0.095359
01_04_02_02_02,1,4,sad,0.909233,0.052102,0.00126,0.037405
01_05_01_01_01,1,5,angry,0.162278,0.818306,7e-05,0.019346
01_05_01_01_02,1,5,angry,0.234239,0.746493,0.00032,0.018948
01_05_01_02_01,1,5,angry,0.708853,0.264134,0.000931,0.026082
01_05_01_02_02,1,5,angry,0.328112,0.650818,0.000257,0.020812
01_05_02_01_01,1,5,angry,0.437161,0.560932,0.000769,0.001137
01_05_02_01_02,1,5,angry,0.601731,0.395491,0.000826,0.001951
01_05_02_02_01,1,5,angry,0.75456,0.242308,0.000171,0.00296
01_05_02_02_02,1,5,angry,0.862082,0.136847,0.000174,0.000897
01_06_01_01_01,1,6,neutral,0.924972,0.024739,0.008383,0.041905
01_06_01_01_02,1,6,neutral,0.848247,0.012105,0.005261,0.134387
01_06_01_02_01,1,6,neutral,0.9488,0.001067,0.007445,0.042688
01_06_01_02_02,1,6,neutral,0.866509,0.00069,0.064198,0.068603
01_06_02_01_01,1,6,neutral,0.864773,0.001233,0.132156,0.001838
01_06_02_01_02,1,6,neutral,0.851715,0.009173,0.121096,0.018016
01_06_02_02_01,1,6,neutral,0.926633,0.042999,0.023163,0.007204
01_06_02_02_02,1,6,neutral,0.974677,0.002533,0.022404,0.000386
01_07_01_01_01,1,7,neutral,0.827243,0.02582,0.042111,0.104826
01_07_01_01_02,1,7,neutral,0.837892,0.074242,0.018126,0.06974
01_07_01_02_01,1,7,neutral,0.875311,0.000794,0.015808,0.108088
01_07_01_02_02,1,7,neutral,0.935324,0.004154,0.007448,0.053074
01_07_02_01_01,1,7,neutral,0.357508,0.577715,0.013294,0.051484
01_07_02_01_02,1,7,neutral,0.954525,0.01562,0.009936,0.01992
01_07_02_02_01,1,7,neutral,0.887117,0.061847,0.032888,0.018147
01_07_02_02_02,1,7,neutral,0.896,0.069819,0.017509,0.016672
01_08_01_01_01,1,8,neutral,0.713917,0.120504,0.012638,0.152941
01_08_01_01_02,1,8,neutral,0.486703,0.199373,0.003625,0.310298
01_08_01_02_01,1,8,neutral,0.805434,0.04169,0.0045,0.148375
01_08_01_02_02,1,8,neutral,0.40133,0.499083,0.000977,0.098611
01_08_02_01_01,1,8,neutral,0.560887,0.399999,0.000951,0.038163
01_08_02_01_02,1,8,neutral,0.29396,0.678487,0.001403,0.026151
01_08_02_02_01,1,8,neutral,0.164215,0.78999,0.000561,0.045233
01_08_02_02_02,1,8,neutral,0.410486,0.551236,0.000601,0.037678
02_01_01_01_01,2,1,neutral,0.141534,0.698914,7.6e-05,0.159476
02_01_01_01_02,2,1,neutral,0.087455,0.525005,8.2e-05,0.387458
02_01_01_02_01,2,1,neutral,0.050859,0.796689,5.5e-05,0.152398
02_01_01_02_02,2,1,neutral,0.133756,0.732177,4.3e-05,0.134023
02_02_01_01_01,2,2,neutral,0.3212,0.395251,0.000169,0.283381
02_02_01_01_02,2,2,neutral,0.14746,0.663332,0.000293,0.188915
02_02_01_02_01,2,2,neutral,0.186053,0.661297,0.000225,0.152425
02_02_01_02_02,2,2,neutral,0.392408,0.384918,0.00049,0.222184
02_02_02_01_01,2,2,neutral,0.247316,0.532891,0.00041,0.219382
02_02_02_01_02,2,2,neutral,0.197768,0.602191,0.001361,0.19868
02_02_02_02_01,2,2,neutral,0.505742,0.264174,0.000674,0.229409
02_02_02_02_02,2,2,neutral,0.29951,0.408699,0.000876,0.290916
02_03_01_01_01,2,3,happy,0.27116,0.602755,4.7e-05,0.126038
02_03_01_01_02,2,3,happy,0.29987,0.320461,7.8e-05,0.37959
02_03_01_02_01,2,3,happy,0.31848,0.574925,6.8e-05,0.106527
02_03_01_02_02,2,3,happy,0.532967,0.298025,5.9e-05,0.168949
02_03_02_01_01,2,3,happy,0.368169,0.622646,0.000201,0.008984
02_03_02_01_02,2,3,happy,0.598075,0.389474,0.000269,0.012181
02_03_02_02_01,2,3,happy,0.596887,0.330974,0.000219,0.07192
02_03_02_02_02,2,3,happy,0.725712,0.255723,0.000402,0.018163
02_04_01_01_01,2,4,sad,0.253381,0.429382,0.003249,0.313988
02_04_01_01_02,2,4,sad,0.332682,0.490339,0.006921,0.170058
02_04_01_02_01,2,4,sad,0.321453,0.249376,0.001089,0.428082
02_04_01_02_02,2,4,sad,0.482794,0.159033,0.003455,0.354719
02_04_02_01_01,2,4,sad,0.809554,0.059571,0.032475,0.098401
02_04_02_01_02,2,4,sad,0.55784,0.331987,0.022581,0.087591
02_04_02_02_01,2,4,sad,0.522195,0.371962,0.018811,0.087032
02_04_02_02_02,2,4,sad,0.827042,0.080238,0.03361,0.05911
02_05_01_01_01,2,5,angry,0.017969,0.973019,1.3e-05,0.008999
02_05_01_01_02,2,5,angry,0.025988,0.962318,4e-05,0.011654
02_05_01_02_01,2,5,angry,0.030959,0.96125,3.3e-05,0.007759
02_05_01_02_02,2,5,angry,0.046635,0.946327,4.3e-05,0.006995
02_05_02_01_01,2,5,angry,0.000795,0.999031,1e-06,0.000173
02_05_02_01_02,2,5,angry,0.00141,0.998445,1e-06,0.000144
02_05_02_02_01,2,5,angry,0.004344,0.995507,3e-06,0.000146
02_05_02_02_02,2,5,angry,0.001958,0.997916,1e-06,0.000125
02_06_01_01_01,2,6,neutral,0.662259,0.282659,0.01802,0.037063
02_06_01_01_02,2,6,neutral,0.609023,0.350482,0.009572,0.030924
02_06_01_02_01,2,6,neutral,0.766385,0.194936,0.00728,0.031398
02_06_01_02_02,2,6,neutral,0.811106,0.105311,0.052275,0.031308
02_06_02_01_01,2,6,neutral,0.873088,0.113774,0.006932,0.006205
02_06_02_01_02,2,6,neutral,0.724483,0.243687,0.012053,0.019777
02_06_02_02_01,2,6,neutral,0.667879,0.288931,0.015188,0.028002
02_06_02_02_02,2,6,neutral,0.707,0.206102,0.056074,0.030825
02_07_01_01_01,2,7,neutral,0.29576,0.658558,0.000754,0.044928
02_07_01_01_02,2,7,neutral,0.607318,0.249188,0.002247,0.141247
02_07_01_02_01,2,7,neutral,0.258339,0.700557,0.000828,0.040276
02_07_01_02_02,2,7,neutral,0.44054,0.492811,0.000633,0.066016
02_07_02_01_01,2,7,neutral,0.117108,0.866353,0.000289,0.01625
02_07_02_01_02,2,7,neutral,0.065692,0.927806,0.000127,0.006374
02_07_02_02_01,2,7,neutral,0.153273,0.82835,0.001308,0.017069
02_07_02_02_02,2,7,neutral,0.329635,0.661556,0.00044,0.008368
02_08_01_01_01,2,8,neutral,0.063875,0.92732,2e-05,0.008785
02_08_01_01_02,2,8,neutral,0.088356,0.891209,2.5e-05,0.02041
02_08_01_02_01,2,8,neutral,0.080096,0.896501,1.5e-05,0.023388
02_08_01_02_02,2,8,neutral,0.072845,0.897858,2.7e-05,0.029271
02_08_02_01_01,2,8,neutral,0.023173,0.975072,1.2e-05,0.001742
02_08_02_01_02,2,8,neutral,0.023011,0.973917,1e-05,0.003062
02_08_02_02_01,2,8,neutral,0.016814,0.981178,7e-06,0.002001
02_08_02_02_02,2,8,neutral,0.021528,0.975484,1.5e-05,0.002973
03_01_01_01_01,3,1,neutral,0.054493,0.600928,7.8e-05,0.344501
03_01_01_01_02,3,1,neutral,0.20609,0.402076,0.000871,0.390964
03_01_01_02_01,3,1,neutral,0.290676,0.409643,0.000175,0.299506
03_01_01_02_02,3,1,neutral,0.206311,0.278779,0.000468,0.514442
03_02_01_01_01,3,2,neutral,0.309042,0.181921,0.003618,0.505419
03_02_01_01_02,3,2,neutral,0.705658,0.063803,0.003788,0.226751
03_02_01_02_01,3,2,neutral,0.96171,0.007022,0.012101,0.019167
03_02_01_02_02,3,2,neutral,0.855996,0.102095,0.001495,0.040415
03_02_02_01_01,3,2,neutral,0.938973,0.013694,0.019274,0.028058
03_02_02_01_02,3,2,neutral,0.842155,0.067595,0.009637,0.080613
03_02_02_02_01,3,2,neutral,0.941518,0.029729,0.002943,0.025809
03_02_02_02_02,3,2,neutral,0.881784,0.069719,0.002297,0.046199
03_03_01_01_01,3,3,happy,0.974464,0.003262,0.001644,0.020631
03_03_01_01_02,3,3,happy,0.917995,0.037353,0.003489,0.041164
03_03_01_02_01,3,3,happy,0.729939,0.227349,0.0001,0.042612
03_03_01_02_02,3,3,happy,0.542385,0.369992,0.000237,0.087386
03_03_02_01_01,3,3,happy,0.878647,0.113861,0.004347,0.003145
03_03_02_01_02,3,3,happy,0.944048,0.046233,0.008899,0.00082
03_03_02_02_01,3,3,happy,0.961297,0.031383,0.007067,0.000254
03_03_02_02_02,3,3,happy,0.840194,0.144426,0.010809,0.004571
03_04_01_01_01,3,4,sad,0.880802,0.013807,0.020924,0.084467
03_04_01_01_02,3,4,sad,0.693005,0.064415,0.037315,0.205264
03_04_01_02_01,3,4,sad,0.932329,0.003719,0.041897,0.022055
03_04_01_02_02,3,4,sad,0.952684,0.002956,0.028825,0.015535
03_04_02_01_01,3,4,sad,0.996789,0.000889,0.001603,0.000719
03_04_02_01_02,3,4,sad,0.969901,0.019327,0.003324,0.007447
03_04_02_02_01,3,4,sad,0.981616,0.001561,0.016074,0.00075
03_04_02_02_02,3,4,sad,0.992449,0.002124,0.005264,0.000163
03_05_01_01_01,3,5,angry,0.318735,0.32717,0.025115,0.328981
03_05_01_01_02,3,5,angry,0.056484,0.904909,0.000272,0.038336
03_05_01_02_01,3,5,angry,0.407574,0.411905,0.002504,0.178017
03_05_01_02_02,3,5,angry,0.455698,0.496817,0.00176,0.045725
03_05_02_01_01,3,5,angry,0.07951,0.91325,6.9e-05,0.00717
03_05_02_01_02,3,5,angry,0.416439,0.574482,0.002369,0.006709
03_05_02_02_01,3,5,angry,0.115721,0.874141,0.000257,0.00988
03_05_02_02_02,3,5,angry,0.173174,0.824757,0.000656,0.001412
03_06_01_01_01,3,6,neutral,0.795098,0.046324,0.012168,0.14641
03_06_01_01_02,3,6,neutral,0.856893,0.05611,0.006056,0.080941
03_06_01_02_01,3,6,neutral,0.670791,0.045747,0.002676,0.280786
03_06_01_02_02,3,6,neutral,0.844567,0.030745,0.00187,0.122818
03_06_02_01_01,3,6,neutral,0.996469,0.001956,0.001306,0.000269
03_06_02_01_02,3,6,neutral,0.968557,0.011578,0.015235,0.00463
03_06_02_02_01,3,6,neutral,0.985555,0.002607,0.01162,0.000218
03_06_02_02_02,3,6,neutral,0.95564,0.003075,0.040244,0.001041
03_07_01_01_01,3,7,neutral,0.972315,0.01825,0.002222,0.007214
03_07_01_01_02,3,7,neutral,0.792762,0.186557,0.003591,0.01709
03_07_01_02_01,3,7,neutral,0.987342,0.006305,0.004332,0.002022
03_07_01_02_02,3,7,neutral,0.96371,0.031753,0.001497,0.00304
03_07_02_01_01,3,7,neutral,0.984687,0.004194,0.00559,0.005528
03_07_02_01_02,3,7,neutral,0.975678,0.004565,0.017603,0.002154
03_07_02_02_01,3,7,neutral,0.968424,0.029035,0.000456,0.002085
03_07_02_02_02,3,7,neutral,0.988455,0.008827,0.001098,0.001619
03_08_01_01_01,3,8,neutral,0.467244,0.317356,0.001588,0.213812
03_08_01_01_02,3,8,neutral,0.869837,0.094099,0.001792,0.034272
03_08_01_02_01,3,8,neutral,0.38476,0.36051,0.000735,0.253996
03_08_01_02_02,3,8,neutral,0.765086,0.201245,0.00125,0.032419
03_08_02_01_01,3,8,neutral,0.524165,0.459876,0.000479,0.015479
03_08_02_01_02,3,8,neutral,0.387806,0.583222,0.001452,0.027521
03_08_02_02_01,3,8,neutral,0.792518,0.202456,0.000486,0.00454
03_08_02_02_02,3,8,neutral,0.320901,0.661913,9.9e-05,0.017087
04_01_01_01_01,4,1,neutral,0.349026,0.359943,0.000708,0.290323
04_01_01_01_02,4,1,neutral,0.19797,0.683945,0.000206,0.117878
04_01_01_02_01,4,1,neutral,0.143567,0.594351,0.000268,0.261814
04_01_01_02_02,4,1,neutral,0.422002,0.234152,0.000602,0.343244
04_02_01_01_01,4,2,neutral,0.663597,0.196384,0.002553,0.137466
04_02_01_01_02,4,2,neutral,0.688867,0.188545,0.004052,0.118537
04_02_01_02_01,4,2,neutral,0.351593,0.549448,0.00642,0.092538
04_02_01_02_02,4,2,neutral,0.798296,0.055699,0.023623,0.122381
04_02_02_01_01,4,2,neutral,0.545746,0.207183,0.03993,0.207141
04_02_02_01_02,4,2,neutral,0.674385,0.023777,0.01907,0.282768
04_02_02_02_01,4,2,neutral,0.78881,0.032441,0.034308,0.144442
04_02_02_02_02,4,2,neutral,0.817977,0.061088,0.011049,0.109886
04_03_01_01_01,4,3,happy,0.433604,0.35043,0.000666,0.215299
04_03_01_01_02,4,3,happy,0.491307,0.462624,0.00058,0.045489
04_03_01_02_01,4,3,happy,0.58905,0.316925,0.000563,0.093462
04_03_01_02_02,4,3,happy,0.178303,0.768464,0.000118,0.053116
04_03_02_01_01,4,3,happy,0.608148,0.384819,0.001949,0.005084
04_03_02_01_02,4,3,happy,0.124441,0.869984,0.000209,0.005366
04_03_02_02_01,4,3,happy,0.034137,0.963263,3.3e-05,0.002568
04_03_02_02_02,4,3,happy,0.491365,0.502495,0.001195,0.004944
04_04_01_01_01,4,4,sad,0.14088,0.193529,0.003912,0.661679
04_04_01_01_02,4,4,sad,0.152463,0.804922,0.000289,0.042326
04_04_01_02_01,4,4,sad,0.051743,0.930694,0.000133,0.01743
04_04_01_02_02,4,4,sad,0.056888,0.929635,0.00016,0.013317
04_04_02_01_01,4,4,sad,0.231925,0.757031,0.000901,0.010143
04_04_02_01_02,4,4,sad,0.3552,0.636118,0.003053,0.005629
04_04_02_02_01,4,4,sad,0.114432,0.882704,0.000313,0.002551
04_04_02_02_02,4,4,sad,0.213464,0.781721,0.000646,0.004169
04_05_01_01_01,4,5,angry,0.00276,0.996629,2e-06,0.000608
04_05_01_01_02,4,5,angry,0.002434,0.996987,3e-06,0.000576
04_05_01_02_01,4,5,angry,0.008773,0.990007,3e-06,0.001217
04_05_01_02_02,4,5,angry,0.015471,0.971711,2.3e-05,0.012796
04_05_02_01_01,4,5,angry,0.030035,0.969643,2.5e-05,0.000297
04_05_02_01_02,4,5,angry,0.007998,0.991691,3e-06,0.000308
04_05_02_02_01,4,5,angry,0.023471,0.976202,3e-06,0.000323
04_05_02_02_02,4,5,angry,0.010274,0.989545,2e-06,0.000179
04_06_01_01_01,4,6,neutral,0.175721,0.773242,0.001758,0.049279
04_06_01_01_02,4,6,neutral,0.076447,0.909886,0.000172,0.013495
04_06_01_02_01,4,6,neutral,0.0483,0.940842,0.000624,0.010235
04_06_01_02_02,4,6,neutral,0.025956,0.969244,0.000222,0.004578
04_06_02_01_01,4,6,neutral,0.693785,0.293718,0.002568,0.009929
04_06_02_01_02,4,6,neutral,0.074059,0.923621,0.000597,0.001723
04_06_02_02_01,4,6,neutral,0.090832,0.90855,0.000158,0.00046
04_06_02_02_02,4,6,neutral,0.152368,0.844756,0.0004,0.002476
04_07_01_01_01,4,7,neutral,0.062492,0.917988,0.000696,0.018824
04_07_01_01_02,4,7,neutral,0.276657,0.694545,0.00208,0.026718
04_07_01_02_01,4,7,neutral,0.022816,0.965864,4e-05,0.01128
04_07_01_02_02,4,7,neutral,0.070795,0.925457,3.3e-05,0.003715
04_07_02_01_01,4,7,neutral,0.007541,0.991717,2.3e-05,0.000719
04_07_02_01_02,4,7,neutral,0.073306,0.91575,0.00051,0.010434
04_07_02_02_01,4,7,neutral,0.188191,0.795314,0.000989,0.015506
04_07_02_02_02,4,7,neutral,0.026047,0.97309,9e-06,0.000853
04_08_01_01_01,4,8,neutral,0.195973,0.747568,0.00014,0.05632
04_08_01_01_02,4,8,neutral,0.024978,0.968248,2.6e-05,0.006747
04_08_01_02_01,4,8,neutral,0.012589,0.985159,6e-06,0.002246
04_08_01_02_02,4,8,neutral,0.05641,0.934452,4.2e-05,0.009097
04_08_02_01_01,4,8,neutral,0.305264,0.690638,0.000546,0.003551
04_08_02_01_02,4,8,neutral,0.047575,0.947452,3.2e-05,0.004941
04_08_02_02_01,4,8,neutral,0.073269,0.925298,2.6e-05,0.001407
04_08_02_02_02,4,8,neutral,0.022919,0.976345,2.9e-05,0.000707
05_01_01_01_01,5,1,neutral,0.16462,0.048383,0.000589,0.786408
05_01_01_01_02,5,1,neutral,0.183819,0.051573,0.000869,0.763739
05_01_01_02_01,5,1,neutral,0.312082,0.062961,0.000349,0.624609
05_01_01_02_02,5,1,neutral,0.364891,0.013831,0.002703,0.618575
05_02_01_01_01,5,2,neutral,0.438535,0.050673,0.003994,0.506797
05_02_01_01_02,5,2,neutral,0.468544,0.00929,0.024413,0.497753
05_02_01_02_01,5,2,neutral,0.586758,0.004636,0.004399,0.404207
05_02_01_02_02,5,2,neutral,0.671859,0.02523,0.004674,0.298238
05_02_02_01_01,5,2,neutral,0.720108,0.022419,0.022379,0.235093
05_02_02_01_02,5,2,neutral,0.773204,0.000973,0.028837,0.196987
05_02_02_02_01,5,2,neutral,0.763771,0.003781,0.00348,0.228967
05_02_02_02_02,5,2,neutral,0.642442,0.002189,0.022136,0.333233
05_03_01_01_01,5,3,happy,0.708942,0.225281,0.002466,0.063312
05_03_01_01_02,5,3,happy,0.739798,0.17525,0.000218,0.084735
05_03_01_02_01,5,3,happy,0.760568,0.063355,0.000901,0.175177
05_03_01_02_02,5,3,happy,0.479326,0.374995,0.000203,0.145475
05_03_02_01_01,5,3,happy,0.485195,0.488308,0.003458,0.023039
05_03_02_01_02,5,3,happy,0.295245,0.701447,0.000142,0.003167
05_03_02_02_01,5,3,happy,0.537738,0.416746,0.000734,0.044781
05_03_02_02_02,5,3,happy,0.421028,0.567194,0.000216,0.011561
05_04_01_01_01,5,4,sad,0.4344,0.001545,0.01706,0.546994
05_04_01_01_02,5,4,sad,0.60029,0.003167,0.038542,0.358001
05_04_01_02_01,5,4,sad,0.65242,0.004913,0.002926,0.33974
05_04_01_02_02,5,4,sad,0.48159,0.001669,0.022025,0.494715
05_04_02_01_01,5,4,sad,0.747208,0.006084,0.007427,0.239281
05_04_02_01_02,5,4,sad,0.707357,0.001162,0.002737,0.288743
05_04_02_02_01,5,4,sad,0.764924,0.001588,0.001809,0.231679
05_04_02_02_02,5,4,sad,0.641652,0.002664,0.001649,0.354035
05_05_01_01_01,5,5,angry,0.015128,0.982799,8e-06,0.002065
05_05_01_01_02,5,5,angry,0.035561,0.962418,1.2e-05,0.002008
05_05_01_02_01,5,5,angry,0.822509,0.092926,0.002325,0.08224
05_05_01_02_02,5,5,angry,0.142925,0.832774,8.2e-05,0.024219
05_05_02_01_01,5,5,angry,0.047017,0.952464,6e-06,0.000513
05_05_02_01_02,5,5,angry,0.012862,0.986955,1.9e-05,0.000164
05_05_02_02_01,5,5,angry,0.017101,0.982878,1e-06,2e-05
05_05_02_02_02,5,5,angry,0.001789,0.998204,0.0,6e-06
05_06_01_01_01,5,6,neutral,0.717063,0.087262,0.001581,0.194095
05_06_01_01_02,5,6,neutral,0.710145,0.072288,0.002108,0.215459
05_06_01_02_01,5,6,neutral,0.72997,0.025673,0.001688,0.242669
05_06_01_02_02,5,6,neutral,0.583153,0.249996,0.001487,0.165364
05_06_02_01_01,5,6,neutral,0.587605,0.401374,0.004085,0.006936
05_06_02_01_02,5,6,neutral,0.643469,0.352208,0.001562,0.002761
05_06_02_02_01,5,6,neutral,0.228408,0.770079,0.000584,0.000929
05_06_02_02_02,5,6,neutral,0.661789,0.326012,0.009208,0.002991
05_07_01_01_01,5,7,neutral,0.713417,0.097682,0.018847,0.170054
05_07_01_01_02,5,7,neutral,0.879618,0.064505,0.00938,0.046496
05_07_01_02_01,5,7,neutral,0.926243,0.032145,0.003302,0.03831
05_07_01_02_02,5,7,neutral,0.852782,0.076812,0.003471,0.066935
05_07_02_01_01,5,7,neutral,0.274459,0.640554,0.001577,0.08341
05_07_02_01_02,5,7,neutral,0.335389,0.597485,0.001482,0.065644
05_07_02_02_01,5,7,neutral,0.816574,0.125676,0.007679,0.05007
05_07_02_02_02,5,7,neutral,0.877431,0.028438,0.025067,0.069064
05_08_01_01_01,5,8,neutral,0.368688,0.588586,0.000301,0.042425
05_08_01_01_02,5,8,neutral,0.096973,0.882527,0.000115,0.020385
05_08_01_02_01,5,8,neutral,0.611266,0.226305,0.000282,0.162147
05_08_01_02_02,5,8,neutral,0.648236,0.182496,0.000975,0.168292
05_08_02_01_01,5,8,neutral,0.17482,0.808531,0.000977,0.015672
05_08_02_01_02,5,8,neutral,0.051325,0.944819,0.000139,0.003716
05_08_02_02_01,5,8,neutral,0.122802,0.871683,8e-05,0.005434
05_08_02_02_02,5,8,neutral,0.176229,0.797331,0.000132,0.026308
06_01_01_01_01,6,1,neutral,0.253141,0.318721,0.000416,0.427722
06_01_01_01_02,6,1,neutral,0.342715,0.241695,0.000735,0.414855
06_01_01_02_01,6,1,neutral,0.41978,0.351391,0.001093,0.227737
06_01_01_02_02,6,1,neutral,0.576529,0.126512,0.001231,0.295728
06_02_01_01_01,6,2,neutral,0.681789,0.01775,0.054374,0.246088
06_02_01_01_02,6,2,neutral,0.571436,0.006819,0.045332,0.376413
06_02_01_02_01,6,2,neutral,0.641225,0.004199,0.069022,0.285555
06_02_01_02_02,6,2,neutral,0.279773,0.017695,0.009236,0.693296
06_02_02_01_01,6,2,neutral,0.835554,0.011758,0.043706,0.108981
06_02_02_01_02,6,2,neutral,0.65606,0.014771,0.069949,0.25922
06_02_02_02_01,6,2,neutral,0.377076,0.012734,0.022205,0.587984
06_02_02_02_02,6,2,neutral,0.739816,0.003851,0.014686,0.241647
06_03_01_01_01,6,3,happy,0.880306,0.038902,0.013708,0.067084
06_03_01_01_02,6,3,happy,0.824045,0.090184,0.003728,0.082043
06_03_01_02_01,6,3,happy,0.799093,0.133622,0.001135,0.06615
06_03_01_02_02,6,3,happy,0.800884,0.120581,0.001343,0.077192
06_03_02_01_01,6,3,happy,0.878553,0.116525,0.001143,0.003779
06_03_02_01_02,6,3,happy,0.796543,0.199198,0.000958,0.003301
06_03_02_02_01,6,3,happy,0.331839,0.659052,0.001449,0.00766
06_03_02_02_02,6,3,happy,0.609034,0.383148,0.001581,0.006237
06_04_01_01_01,6,4,sad,0.227567,0.045163,0.02598,0.701289
06_04_01_01_02,6,4,sad,0.412331,0.052742,0.059886,0.475041
06_04_01_02_01,6,4,sad,0.202568,0.181384,0.007885,0.608163
06_04_01_02_02,6,4,sad,0.332331,0.104678,0.020852,0.542139
06_04_02_01_01,6,4,sad,0.948333,0.046953,0.002072,0.002643
06_04_02_01_02,6,4,sad,0.930143,0.001802,0.051572,0.016483
06_04_02_02_01,6,4,sad,0.986821,0.005129,0.007744,0.000307
06_04_02_02_02,6,4,sad,0.98983,0.001915,0.005777,0.002478
06_05_01_01_01,6,5,angry,0.005127,0.99236,0.000113,0.0024
06_05_01_01_02,6,5,angry,0.010984,0.987242,0.000159,0.001614
06_05_01_02_01,6,5,angry,0.01453,0.979172,0.000347,0.00595
06_05_01_02_02,6,5,angry,0.00804,0.988793,0.000131,0.003036
06_05_02_01_01,6,5,angry,0.139065,0.858716,0.000241,0.001978
06_05_02_01_02,6,5,angry,0.305955,0.692075,0.000182,0.001788
06_05_02_02_01,6,5,angry,0.033155,0.965924,0.000226,0.000696
06_05_02_02_02,6,5,angry,0.10482,0.893703,0.000727,0.00075
06_06_01_01_01,6,6,neutral,0.57258,0.30625,0.026695,0.094475
06_06_01_01_02,6,6,neutral,0.733215,0.115517,0.008534,0.142734
06_06_01_02_01,6,6,neutral,0.834142,0.042751,0.062506,0.060601
06_06_01_02_02,6,6,neutral,0.613412,0.316083,0.030631,0.039873
06_06_02_01_01,6,6,neutral,0.835096,0.156688,0.001365,0.00685
06_06_02_01_02,6,6,neutral,0.924021,0.062789,0.000639,0.012552
06_06_02_02_01,6,6,neutral,0.894872,0.098575,0.001989,0.004564
06_06_02_02_02,6,6,neutral,0.90575,0.084772,0.00057,0.008908
06_07_01_01_01,6,7,neutral,0.288455,0.235741,0.201478,0.274326
06_07_01_01_02,6,7,neutral,0.449041,0.235271,0.203801,0.111887
06_07_01_02_01,6,7,neutral,0.263017,0.255773,0.023738,0.457471
06_07_01_02_02,6,7,neutral,0.773027,0.08856,0.037763,0.100649
06_07_02_01_01,6,7,neutral,0.772784,0.204168,0.019698,0.00335
06_07_02_01_02,6,7,neutral,0.046537,0.917987,0.001931,0.033545
06_07_02_02_01,6,7,neutral,0.22678,0.756291,0.006503,0.010426
06_07_02_02_02,6,7,neutral,0.517269,0.418126,0.019329,0.045276
06_08_01_01_01,6,8,neutral,0.208003,0.419141,0.000766,0.37209
06_08_01_01_02,6,8,neutral,0.372247,0.430129,0.000569,0.197054
06_08_01_02_01,6,8,neutral,0.564438,0.252794,0.001095,0.181673
06_08_01_02_02,6,8,neutral,0.540615,0.154151,0.007697,0.297537
06_08_02_01_01,6,8,neutral,0.679631,0.160862,0.005846,0.153662
06_08_02_01_02,6,8,neutral,0.04547,0.951998,3.6e-05,0.002496
06_08_02_02_01,6,8,neutral,0.096531,0.896485,0.000246,0.006738
06_08_02_02_02,6,8,neutral,0.173086,0.81506,0.000376,0.011479
07_01_01_01_01,7,1,neutral,0.869349,0.052341,0.008216,0.070094
07_01_01_01_02,7,1,neutral,0.608016,0.102776,0.014912,0.274296
07_01_01_02_01,7,1,neutral,0.679448,0.162041,0.00567,0.152841
07_01_01_02_02,7,1,neutral,0.672419,0.04651,0.030096,0.250975
07_02_01_01_01,7,2,neutral,0.57082,0.046743,0.007602,0.374835
07_02_01_01_02,7,2,neutral,0.335825,0.063403,0.015696,0.585077
07_02_01_02_01,7,2,neutral,0.627945,0.043164,0.013317,0.315574
07_02_01_02_02,7,2,neutral,0.559717,0.035403,0.015838,0.389042
07_02_02_01_01,7,2,neutral,0.902,0.019063,0.041892,0.037045
07_02_02_01_02,7,2,neutral,0.696673,0.095455,0.01778,0.190093
07_02_02_02_01,7,2,neutral,0.929631,0.012974,0.008339,0.049056
07_02_02_02_02,7,2,neutral,0.842313,0.006801,0.028863,0.122024
07_03_01_01_01,7,3,happy,0.690394,0.120373,0.004001,0.185232
07_03_01_01_02,7,3,happy,0.895503,0.035042,0.004567,0.064888
07_03_01_02_01,7,3,happy,0.809762,0.096938,0.002843,0.090458
07_03_01_02_02,7,3,happy,0.809762,0.096938,0.002843,0.090458
07_03_02_01_01,7,3,happy,0.777809,0.209753,0.003774,0.008665
07_03_02_01_02,7,3,happy,0.348611,0.638511,0.003748,0.00913
07_03_02_02_01,7,3,happy,0.853913,0.134709,0.005905,0.005473
07_03_02_02_02,7,3,happy,0.892281,0.098384,0.004666,0.00467
07_04_01_01_01,7,4,sad,0.891323,0.033659,0.004639,0.07038
07_04_01_01_02,7,4,sad,0.652761,0.010166,0.025601,0.311471
07_04_01_02_01,7,4,sad,0.302832,0.03267,0.006408,0.658089
07_04_01_02_02,7,4,sad,0.658097,0.114225,0.004837,0.222841
07_04_02_01_01,7,4,sad,0.946481,0.002033,0.043112,0.008375
07_04_02_01_02,7,4,sad,0.92135,0.033822,0.028819,0.016009
07_04_02_02_01,7,4,sad,0.985533,0.000261,0.014015,0.000191
07_04_02_02_02,7,4,sad,0.971599,0.017129,0.002741,0.00853
07_05_01_01_01,7,5,angry,0.007592,0.990463,1.8e-05,0.001927
07_05_01_01_02,7,5,angry,0.002025,0.997713,6e-06,0.000256
07_05_01_02_01,7,5,angry,0.104708,0.83581,0.000342,0.05914
07_05_01_02_02,7,5,angry,0.031888,0.959674,2e-05,0.008418
07_05_02_01_01,7,5,angry,0.087969,0.911149,4.4e-05,0.000838
07_05_02_01_02,7,5,angry,0.007689,0.992278,1e-06,3.2e-05
07_05_02_02_01,7,5,angry,0.056431,0.943295,1.4e-05,0.000261
07_05_02_02_02,7,5,angry,0.013456,0.986469,4e-06,7e-05
07_06_01_01_01,7,6,neutral,0.949037,0.010854,0.029877,0.010232
07_06_01_01_02,7,6,neutral,0.929847,0.035917,0.014742,0.019494
07_06_01_02_01,7,6,neutral,0.874747,0.082278,0.004203,0.038772
07_06_01_02_02,7,6,neutral,0.94217,0.012012,0.006741,0.039076
07_06_02_01_01,7,6,neutral,0.396834,0.600233,0.001922,0.001011
07_06_02_01_02,7,6,neutral,0.950472,0.040526,0.00522,0.003781
07_06_02_02_01,7,6,neutral,0.493217,0.50517,0.000664,0.000949
07_06_02_02_02,7,6,neutral,0.397738,0.599085,0.001523,0.001653
07_07_01_01_01,7,7,neutral,0.480902,0.438509,0.001751,0.078838
07_07_01_01_02,7,7,neutral,0.86253,0.068384,0.002226,0.06686
07_07_01_02_01,7,7,neutral,0.873107,0.03287,0.002002,0.092021
07_07_01_02_02,7,7,neutral,0.50109,0.394379,0.003206,0.101325
07_07_02_01_01,7,7,neutral,0.378226,0.616383,0.000485,0.004905
07_07_02_01_02,7,7,neutral,0.650348,0.33666,0.000171,0.012821
07_07_02_02_01,7,7,neutral,0.460681,0.52293,0.000344,0.016045
07_07_02_02_02,7,7,neutral,0.444199,0.546588,0.000405,0.008808
07_08_01_01_01,7,8,neutral,0.184832,0.771525,0.000697,0.042947
07_08_01_01_02,7,8,neutral,0.396858,0.561513,0.000847,0.040782
07_08_01_02_01,7,8,neutral,0.484145,0.385024,0.000559,0.130272
07_08_01_02_02,7,8,neutral,0.796108,0.114426,0.002535,0.08693
07_08_02_01_01,7,8,neutral,0.474431,0.512365,0.002071,0.011133
07_08_02_01_02,7,8,neutral,0.58809,0.307593,0.0007,0.103617
07_08_02_02_01,7,8,neutral,0.520215,0.474262,0.001469,0.004053
07_08_02_02_02,7,8,neutral,0.160612,0.819135,0.000484,0.019769
08_01_01_01_01,8,1,neutral,0.139931,0.346793,0.001459,0.511817
08_01_01_01_02,8,1,neutral,0.316358,0.351588,0.001318,0.330736
08_01_01_02_01,8,1,neutral,0.608171,0.092939,0.001128,0.297762
08_01_01_02_02,8,1,neutral,0.295125,0.338902,0.001718,0.364256
08_02_01_01_01,8,2,neutral,0.367053,0.047353,0.010259,0.575334
08_02_01_01_02,8,2,neutral,0.457602,0.049263,0.007562,0.485573
08_02_01_02_01,8,2,neutral,0.671224,0.036128,0.008168,0.284481
08_02_01_02_02,8,2,neutral,0.651206,0.033465,0.015171,0.300158
08_02_02_01_01,8,2,neutral,0.700235,0.094527,0.008306,0.196932
08_02_02_01_02,8,2,neutral,0.574737,0.124347,0.01692,0.283997
08_02_02_02_01,8,2,neutral,0.821337,0.020719,0.015993,0.14195
08_02_02_02_02,8,2,neutral,0.62389,0.008966,0.023797,0.343346
08_03_01_01_01,8,3,happy,0.873974,0.071375,0.001122,0.05353
08_03_01_01_02,8,3,happy,0.748234,0.098746,0.000509,0.15251
08_03_01_02_01,8,3,happy,0.897011,0.053189,0.000506,0.049293
08_03_01_02_02,8,3,happy,0.888176,0.078971,0.000148,0.032706
08_03_02_01_01,8,3,happy,0.864785,0.12148,0.00036,0.013375
08_03_02_01_02,8,3,happy,0.934693,0.057726,0.000796,0.006785
08_03_02_02_01,8,3,happy,0.951921,0.045427,0.000615,0.002037
08_03_02_02_02,8,3,happy,0.968369,0.026117,0.001611,0.003903
08_04_01_01_01,8,4,sad,0.584174,0.023313,0.022228,0.370286
08_04_01_01_02,8,4,sad,0.582349,0.013728,0.001134,0.40279
08_04_01_02_01,8,4,sad,0.843838,0.013136,0.02539,0.117635
08_04_01_02_02,8,4,sad,0.76584,0.004333,0.034047,0.19578
08_04_02_01_01,8,4,sad,0.435888,0.004375,0.468843,0.090894
08_04_02_01_02,8,4,sad,0.867754,0.00583,0.109491,0.016925
08_04_02_02_01,8,4,sad,0.946879,0.005959,0.025209,0.021953
08_04_02_02_02,8,4,sad,0.766603,0.000352,0.228916,0.00413
08_05_01_01_01,8,5,angry,0.036259,0.960339,8.8e-05,0.003314
08_05_01_01_02,8,5,angry,0.063634,0.930914,0.000163,0.005289
08_05_01_02_01,8,5,angry,0.12953,0.86388,0.000147,0.006444
08_05_01_02_02,8,5,angry,0.182637,0.813137,9e-05,0.004135
08_05_02_01_01,8,5,angry,0.05964,0.938598,0.000227,0.001536
08_05_02_01_02,8,5,angry,0.056547,0.942979,6.7e-05,0.000407
08_05_02_02_01,8,5,angry,0.017703,0.981928,3.5e-05,0.000334
08_05_02_02_02,8,5,angry,0.004473,0.995212,9e-06,0.000306
08_06_01_01_01,8,6,neutral,0.69409,0.217425,0.005693,0.082792
08_06_01_01_02,8,6,neutral,0.603231,0.30941,0.011444,0.075915
08_06_01_02_01,8,6,neutral,0.803767,0.154338,0.013141,0.028755
08_06_01_02_02,8,6,neutral,0.638493,0.326382,0.004998,0.030126
08_06_02_01_01,8,6,neutral,0.17229,0.823019,0.002526,0.002165
08_06_02_01_02,8,6,neutral,0.762887,0.225127,0.004331,0.007654
08_06_02_02_01,8,6,neutral,0.7019,0.222624,0.07113,0.004346
08_06_02_02_02,8,6,neutral,0.834109,0.14906,0.015178,0.001653
08_07_01_01_01,8,7,neutral,0.506067,0.263354,0.013657,0.216922
08_07_01_01_02,8,7,neutral,0.690065,0.091689,0.01779,0.200456
08_07_01_02_01,8,7,neutral,0.848118,0.078883,0.004315,0.068684
08_07_01_02_02,8,7,neutral,0.604809,0.212221,0.004041,0.178928
08_07_02_01_01,8,7,neutral,0.490989,0.335931,0.017834,0.155246
08_07_02_01_02,8,7,neutral,0.793548,0.111478,0.007583,0.08739
08_07_02_02_01,8,7,neutral,0.446315,0.483866,0.001211,0.068609
08_07_02_02_02,8,7,neutral,0.242704,0.721752,0.000329,0.035215
08_08_01_01_01,8,8,neutral,0.731551,0.2056,0.014089,0.04876
08_08_01_01_02,8,8,neutral,0.225829,0.726513,0.000706,0.046952
08_08_01_02_01,8,8,neutral,0.576761,0.391007,0.001951,0.03028
08_08_01_02_02,8,8,neutral,0.375956,0.578694,0.000764,0.044586
08_08_02_01_01,8,8,neutral,0.892139,0.058924,0.034571,0.014366
08_08_02_01_02,8,8,neutral,0.378257,0.58308,0.005945,0.032718
08_08_02_02_01,8,8,neutral,0.076222,0.919412,0.000107,0.004259
08_08_02_02_02,8,8,neutral,0.224809,0.740629,0.002271,0.032291
09_01_01_01_01,9,1,neutral,0.599609,0.000548,0.140562,0.259281
09_01_01_01_02,9,1,neutral,0.257195,0.000122,0.025807,0.716876
09_01_01_02_01,9,1,neutral,0.438123,8.3e-05,0.027152,0.534642
09_01_01_02_02,9,1,neutral,0.637649,9.9e-05,0.063674,0.298578
09_02_01_01_01,9,2,neutral,0.6393,5.4e-05,0.218914,0.141732
09_02_01_01_02,9,2,neutral,0.68211,0.00013,0.134639,0.183121
09_02_01_02_01,9,2,neutral,0.797645,0.000167,0.125086,0.077102
09_02_01_02_02,9,2,neutral,0.809515,2.3e-05,0.076442,0.114021
09_02_02_01_01,9,2,neutral,0.498493,1.4e-05,0.242658,0.258836
09_02_02_01_02,9,2,neutral,0.565529,2e-06,0.361462,0.073007
09_02_02_02_01,9,2,neutral,0.898014,3.7e-05,0.048822,0.053127
09_02_02_02_02,9,2,neutral,0.655539,0.000177,0.095875,0.24841
09_03_01_01_01,9,3,happy,0.849843,3e-05,0.046287,0.103839
09_03_01_01_02,9,3,happy,0.867066,0.001555,0.005658,0.125721
09_03_01_02_01,9,3,happy,0.804641,0.000981,0.017914,0.176464
09_03_01_02_02,9,3,happy,0.964456,0.000148,0.005729,0.029667
09_03_02_01_01,9,3,happy,0.984621,0.011928,0.000757,0.002693
09_03_02_01_02,9,3,happy,0.998501,0.000662,0.000369,0.000468
09_03_02_02_01,9,3,happy,0.92928,0.067559,0.000378,0.002783
09_03_02_02_02,9,3,happy,0.993832,0.002055,0.001538,0.002575
09_04_01_01_01,9,4,sad,0.451722,2.4e-05,0.136486,0.411769
09_04_01_01_02,9,4,sad,0.498163,0.000109,0.029256,0.472472
09_04_01_02_01,9,4,sad,0.695651,0.000657,0.111925,0.191767
09_04_01_02_02,9,4,sad,0.802804,2e-05,0.123149,0.074027
09_04_02_01_01,9,4,sad,0.781394,1.3e-05,0.211417,0.007176
09_04_02_01_02,9,4,sad,0.967574,4.1e-05,0.020323,0.012063
09_04_02_02_01,9,4,sad,0.726647,1e-06,0.271779,0.001573
09_04_02_02_02,9,4,sad,0.992317,2e-06,0.006438,0.001243
09_05_01_01_01,9,5,angry,0.813232,0.002176,0.050108,0.134484
09_05_01_01_02,9,5,angry,0.624826,0.026793,0.068657,0.279725
09_05_01_02_01,9,5,angry,0.814087,0.007641,0.009297,0.168975
09_05_01_02_02,9,5,angry,0.889312,0.013746,0.004152,0.09279
09_05_02_01_01,9,5,angry,0.322756,0.676087,5.9e-05,0.001098
09_05_02_01_02,9,5,angry,0.641856,0.353973,0.000172,0.003998
09_05_02_02_01,9,5,angry,0.751304,0.24304,0.001266,0.00439
09_05_02_02_02,9,5,angry,0.442451,0.555736,0.000543,0.00127
09_06_01_01_01,9,6,neutral,0.78071,0.000118,0.117908,0.101264
09_06_01_01_02,9,6,neutral,0.872675,0.000436,0.026321,0.100568
09_06_01_02_01,9,6,neutral,0.840838,4.9e-05,0.088949,0.070164
09_06_01_02_02,9,6,neutral,0.945816,3.1e-05,0.015259,0.038895
09_06_02_01_01,9,6,neutral,0.992293,0.000103,0.006669,0.000935
09_06_02_01_02,9,6,neutral,0.987361,8.6e-05,0.0076,0.004953
09_06_02_02_01,9,6,neutral,0.997625,0.000106,0.001612,0.000656
09_06_02_02_02,9,6,neutral,0.996709,2.4e-05,0.002807,0.00046
09_07_01_01_01,9,7,neutral,0.718191,9.8e-05,0.151107,0.130604
09_07_01_01_02,9,7,neutral,0.643117,0.000131,0.108651,0.248101
09_07_01_02_01,9,7,neutral,0.892757,0.0001,0.030526,0.076616
09_07_01_02_02,9,7,neutral,0.844092,3.2e-05,0.078805,0.077072
09_07_02_01_01,9,7,neutral,0.663248,0.005035,0.046004,0.285713
09_07_02_01_02,9,7,neutral,0.708783,0.000204,0.10792,0.183094
09_07_02_02_01,9,7,neutral,0.925083,6.2e-05,0.028949,0.045906
09_07_02_02_02,9,7,neutral,0.980242,9.2e-05,0.003068,0.016599
09_08_01_01_01,9,8,neutral,0.573596,0.000339,0.042883,0.383183
09_08_01_01_02,9,8,neutral,0.512796,0.002915,0.02635,0.457939
09_08_01_02_01,9,8,neutral,0.436273,0.000543,0.011974,0.55121
09_08_01_02_02,9,8,neutral,0.289425,0.001999,0.022701,0.685875
09_08_02_01_01,9,8,neutral,0.865577,0.075282,0.001402,0.057739
09_08_02_01_02,9,8,neutral,0.729729,0.016299,0.003547,0.250425
09_08_02_02_01,9,8,neutral,0.800484,0.005545,0.0057,0.188271
09_08_02_02_02,9,8,neutral,0.433341,0.006484,0.003321,0.556854
10_01_01_01_01,10,1,neutral,0.194249,0.578672,0.004449,0.22263
10_01_01_01_02,10,1,neutral,0.65859,0.106467,0.071868,0.163074
10_01_01_02_01,10,1,neutral,0.443777,0.235631,0.064765,0.255827
10_01_01_02_02,10,1,neutral,0.386998,0.222909,0.012057,0.378036
10_02_01_01_01,10,2,neutral,0.529378,0.053969,0.032894,0.383759
10_02_01_01_02,10,2,neutral,0.598701,0.121154,0.007677,0.272468
10_02_01_02_01,10,2,neutral,0.605646,0.095435,0.087758,0.211162
10_02_01_02_02,10,2,neutral,0.744116,0.093087,0.030217,0.13258
10_02_02_01_01,10,2,neutral,0.616785,0.038029,0.079979,0.265206
10_02_02_01_02,10,2,neutral,0.281494,0.080518,0.049434,0.588554
10_02_02_02_01,10,2,neutral,0.641052,0.107521,0.023458,0.227969
10_02_02_02_02,10,2,neutral,0.600252,0.100526,0.013764,0.285457
10_03_01_01_01,10,3,happy,0.790223,0.164018,0.004367,0.041391
10_03_01_01_02,10,3,happy,0.64387,0.281254,0.007226,0.067649
10_03_01_02_01,10,3,happy,0.954585,0.021044,0.005275,0.019095
10_03_01_02_02,10,3,happy,0.751341,0.191768,0.002481,0.054409
10_03_02_01_01,10,3,happy,0.983785,0.012291,0.002587,0.001338
10_03_02_01_02,10,3,happy,0.793742,0.197086,0.002481,0.006691
10_03_02_02_01,10,3,happy,0.730352,0.264486,0.002455,0.002708
10_03_02_02_02,10,3,happy,0.975625,0.019443,0.004269,0.000663
10_04_01_01_01,10,4,sad,0.597513,0.017031,0.012368,0.373087
10_04_01_01_02,10,4,sad,0.71744,0.013229,0.115442,0.153889
10_04_01_02_01,10,4,sad,0.476277,0.0092,0.072368,0.442155
10_04_01_02_02,10,4,sad,0.708932,0.004488,0.068202,0.218378
10_04_02_01_01,10,4,sad,0.926439,0.019249,0.004225,0.050087
10_04_02_01_02,10,4,sad,0.810187,0.00185,0.181252,0.00671
10_04_02_02_01,10,4,sad,0.949167,0.001385,0.016953,0.032495
10_04_02_02_02,10,4,sad,0.948501,0.008837,0.01726,0.025402
10_05_01_01_01,10,5,angry,0.539185,0.142362,0.011557,0.306895
10_05_01_01_02,10,5,angry,0.57679,0.290515,0.018196,0.114499
10_05_01_02_01,10,5,angry,0.386659,0.351707,0.01321,0.248424
10_05_01_02_02,10,5,angry,0.534163,0.196371,0.009169,0.260297
10_05_02_01_01,10,5,angry,0.045107,0.952417,0.000463,0.002013
10_05_02_01_02,10,5,angry,0.005946,0.992639,8.6e-05,0.001329
10_05_02_02_01,10,5,angry,0.017162,0.982232,3e-06,0.000602
10_05_02_02_02,10,5,angry,0.01558,0.983872,1.4e-05,0.000534
10_06_01_01_01,10,6,neutral,0.862508,0.016246,0.09678,0.024467
10_06_01_01_02,10,6,neutral,0.91115,0.038881,0.024768,0.0252
10_06_01_02_01,10,6,neutral,0.852314,0.028391,0.085596,0.033699
10_06_01_02_02,10,6,neutral,0.682168,0.153626,0.077039,0.087167
10_06_02_01_01,10,6,neutral,0.820777,0.167805,0.006178,0.005239
10_06_02_01_02,10,6,neutral,0.427872,0.545797,0.010725,0.015607
10_06_02_02_01,10,6,neutral,0.918803,0.063255,0.0169,0.001042
10_06_02_02_02,10,6,neutral,0.947599,0.025668,0.023488,0.003245
10_07_01_01_01,10,7,neutral,0.762194,0.041578,0.020987,0.175241
10_07_01_01_02,10,7,neutral,0.782063,0.011791,0.075507,0.13064
10_07_01_02_01,10,7,neutral,0.942186,0.018796,0.013058,0.02596
10_07_01_02_02,10,7,neutral,0.936313,0.038488,0.012129,0.01307
10_07_02_01_01,10,7,neutral,0.891974,0.074391,0.020668,0.012968
10_07_02_01_02,10,7,neutral,0.765469,0.133574,0.071034,0.029922
10_07_02_02_01,10,7,neutral,0.797889,0.05328,0.134142,0.014689
10_07_02_02_02,10,7,neutral,0.69206,0.173498,0.120382,0.01406
10_08_01_01_01,10,8,neutral,0.103256,0.838014,0.000813,0.057916
10_08_01_01_02,10,8,neutral,0.529115,0.382771,0.003116,0.084998
10_08_01_02_01,10,8,neutral,0.048259,0.94195,0.000451,0.00934
10_08_01_02_02,10,8,neutral,0.493927,0.422648,0.003636,0.07979
10_08_02_01_01,10,8,neutral,0.36218,0.610113,0.001994,0.025713
10_08_02_01_02,10,8,neutral,0.431148,0.55313,0.001052,0.014671
10_08_02_02_01,10,8,neutral,0.098963,0.89904,0.000238,0.001759
10_08_02_02_02,10,8,neutral,0.388782,0.576756,0.010378,0.024085
11_01_01_01_01,11,1,neutral,0.523686,0.024149,0.006523,0.445643
11_01_01_01_02,11,1,neutral,0.469859,0.033626,0.006005,0.49051
11_01_01_02_01,11,1,neutral,0.479192,0.057239,0.00777,0.455799
11_01_01_02_02,11,1,neutral,0.710941,0.030572,0.00752,0.250967
11_02_01_01_01,11,2,neutral,0.51454,0.008504,0.025363,0.451593
11_02_01_01_02,11,2,neutral,0.657824,0.013656,0.012662,0.315858
11_02_01_02_01,11,2,neutral,0.783774,0.010636,0.004565,0.201025
11_02_01_02_02,11,2,neutral,0.847838,0.0076,0.015865,0.128698
11_02_02_01_01,11,2,neutral,0.723021,0.002779,0.048521,0.225679
11_02_02_01_02,11,2,neutral,0.859025,0.003402,0.052981,0.084592
11_02_02_02_01,11,2,neutral,0.893878,0.003228,0.01578,0.087114
11_02_02_02_02,11,2,neutral,0.648297,0.006622,0.037356,0.307725
11_03_01_01_01,11,3,happy,0.416021,0.246845,0.002877,0.334258
11_03_01_01_02,11,3,happy,0.604832,0.16807,0.000958,0.22614
11_03_01_02_01,11,3,happy,0.840784,0.069241,0.001455,0.08852
11_03_01_02_02,11,3,happy,0.807773,0.125397,0.000679,0.06615
11_03_02_01_01,11,3,happy,0.261795,0.734841,0.00138,0.001983
11_03_02_01_02,11,3,happy,0.218962,0.777913,0.000178,0.002946
11_03_02_02_01,11,3,happy,0.440062,0.54956,0.002297,0.008081
11_03_02_02_02,11,3,happy,0.086989,0.909695,0.000109,0.003207
11_04_01_01_01,11,4,sad,0.802786,0.080821,0.008999,0.107394
11_04_01_01_02,11,4,sad,0.827188,0.081076,0.00873,0.083006
11_04_01_02_01,11,4,sad,0.875266,0.05468,0.022244,0.047809
11_04_01_02_02,11,4,sad,0.913207,0.012231,0.025238,0.049324
11_04_02_01_01,11,4,sad,0.883169,0.099767,0.002543,0.014522
11_04_02_01_02,11,4,sad,0.957131,0.026009,0.015232,0.001627
11_04_02_02_01,11,4,sad,0.726353,0.264216,0.001695,0.007736
11_04_02_02_02,11,4,sad,0.947313,0.046168,0.003118,0.003401
11_05_01_01_01,11,5,angry,0.025133,0.972993,3.4e-05,0.00184
11_05_01_01_02,11,5,angry,0.026553,0.96842,6.4e-05,0.004963
11_05_01_02_01,11,5,angry,0.007102,0.991636,1.3e-05,0.00125
11_05_01_02_02,11,5,angry,0.00582,0.992824,8e-06,0.001348
11_05_02_01_01,11,5,angry,0.013301,0.986321,1.2e-05,0.000366
11_05_02_01_02,11,5,angry,0.010928,0.988959,2.4e-05,8.8e-05
11_05_02_02_01,11,5,angry,0.01732,0.982439,0.000147,9.4e-05
11_05_02_02_02,11,5,angry,0.00211,0.997841,5e-06,4.4e-05
11_06_01_01_01,11,6,neutral,0.748382,0.22173,0.002931,0.026957
11_06_01_01_02,11,6,neutral,0.64381,0.340804,0.002846,0.01254
11_06_01_02_01,11,6,neutral,0.776416,0.197109,0.000946,0.025529
11_06_01_02_02,11,6,neutral,0.876509,0.1096,0.002662,0.01123
11_06_02_01_01,11,6,neutral,0.728559,0.258921,0.006203,0.006317
11_06_02_01_02,11,6,neutral,0.706527,0.284112,0.001514,0.007848
11_06_02_02_01,11,6,neutral,0.746869,0.245893,0.00381,0.003429
11_06_02_02_02,11,6,neutral,0.668277,0.326951,0.00345,0.001322
11_07_01_01_01,11,7,neutral,0.434098,0.551931,0.000628,0.013344
11_07_01_01_02,11,7,neutral,0.2582,0.732733,0.000622,0.008444
11_07_01_02_01,11,7,neutral,0.768274,0.214594,0.001039,0.016092
11_07_01_02_02,11,7,neutral,0.154638,0.841914,6.5e-05,0.003382
11_07_02_01_01,11,7,neutral,0.30172,0.685176,0.002148,0.010955
11_07_02_01_02,11,7,neutral,0.662741,0.316554,0.005856,0.014849
11_07_02_02_01,11,7,neutral,0.374572,0.608866,0.000951,0.015612
11_07_02_02_02,11,7,neutral,0.316369,0.682049,0.000169,0.001413
11_08_01_01_01,11,8,neutral,0.469446,0.355497,0.001176,0.173881
11_08_01_01_02,11,8,neutral,0.14586,0.795676,0.000422,0.058042
11_08_01_02_01,11,8,neutral,0.205552,0.785788,0.000294,0.008366
11_08_01_02_02,11,8,neutral,0.741892,0.216692,0.006544,0.034871
11_08_02_01_01,11,8,neutral,0.262302,0.710518,0.001067,0.026113
11_08_02_01_02,11,8,neutral,0.241608,0.751587,0.000502,0.006303
11_08_02_02_01,11,8,neutral,0.117248,0.877221,5.9e-05,0.005473
11_08_02_02_02,11,8,neutral,0.064078,0.934554,0.000123,0.001245
12_01_01_01_01,12,1,neutral,0.30597,0.218607,0.007154,0.468268
12_01_01_01_02,12,1,neutral,0.439679,0.077893,0.003269,0.479159
12_01_01_02_01,12,1,neutral,0.719756,0.049825,0.002303,0.228116
12_01_01_02_02,12,1,neutral,0.759334,0.033077,0.00127,0.206319
12_02_01_01_01,12,2,neutral,0.522912,0.055727,0.006357,0.415004
12_02_01_01_02,12,2,neutral,0.608773,0.036294,0.022675,0.332258
12_02_01_02_01,12,2,neutral,0.676632,0.073424,0.002871,0.247072
12_02_01_02_02,12,2,neutral,0.845207,0.012601,0.004854,0.137338
12_02_02_01_01,12,2,neutral,0.707462,0.037593,0.022386,0.23256
12_02_02_01_02,12,2,neutral,0.773815,0.027956,0.008801,0.189428
12_02_02_02_01,12,2,neutral,0.658296,0.028297,0.018706,0.294701
12_02_02_02_02,12,2,neutral,0.703173,0.042926,0.005086,0.248815
12_03_01_01_01,12,3,happy,0.552985,0.317954,0.002376,0.126685
12_03_01_01_02,12,3,happy,0.574963,0.344758,0.000811,0.079468
12_03_01_02_01,12,3,happy,0.764154,0.167694,0.001737,0.066414
12_03_01_02_02,12,3,happy,0.798101,0.130206,0.000914,0.07078
12_03_02_01_01,12,3,happy,0.111734,0.887341,2.1e-05,0.000904
12_03_02_01_02,12,3,happy,0.132509,0.866581,8.6e-05,0.000825
12_03_02_02_01,12,3,happy,0.801869,0.188714,0.00064,0.008777
12_03_02_02_02,12,3,happy,0.544039,0.454613,0.000125,0.001223
12_04_01_01_01,12,4,sad,0.573015,0.254645,0.02348,0.14886
12_04_01_01_02,12,4,sad,0.686858,0.096209,0.016867,0.200066
12_04_01_02_01,12,4,sad,0.71692,0.067,0.021532,0.194548
12_04_01_02_02,12,4,sad,0.604821,0.151527,0.043221,0.200431
12_04_02_01_01,12,4,sad,0.904412,0.081529,0.011099,0.002959
12_04_02_01_02,12,4,sad,0.734256,0.242034,0.017404,0.006306
12_04_02_02_01,12,4,sad,0.583256,0.397824,0.003982,0.014938
12_04_02_02_02,12,4,sad,0.724164,0.264726,0.005867,0.005243
12_05_01_01_01,12,5,angry,0.074811,0.903956,0.000209,0.021023
12_05_01_01_02,12,5,angry,0.19454,0.783314,0.000663,0.021483
12_05_01_02_01,12,5,angry,0.53476,0.366406,0.001686,0.097148
12_05_01_02_02,12,5,angry,0.559501,0.370739,0.000761,0.068999
12_05_02_01_01,12,5,angry,0.0274,0.97222,2.5e-05,0.000355
12_05_02_01_02,12,5,angry,0.017498,0.982344,7.1e-05,8.7e-05
12_05_02_02_01,12,5,angry,0.04301,0.956473,0.000119,0.000398
12_05_02_02_02,12,5,angry,0.004104,0.99584,2e-06,5.3e-05
12_06_01_01_01,12,6,neutral,0.794394,0.190809,0.004056,0.01074
12_06_01_01_02,12,6,neutral,0.496266,0.472627,0.012297,0.01881
12_06_01_02_01,12,6,neutral,0.786159,0.178246,0.002347,0.033248
12_06_01_02_02,12,6,neutral,0.225718,0.744559,0.000848,0.028875
12_06_02_01_01,12,6,neutral,0.678308,0.312617,0.005836,0.003239
12_06_02_01_02,12,6,neutral,0.423253,0.571794,0.003171,0.001781
12_06_02_02_01,12,6,neutral,0.722,0.265656,0.006791,0.005553
12_06_02_02_02,12,6,neutral,0.681942,0.312839,0.003567,0.001652
12_07_01_01_01,12,7,neutral,0.688407,0.108118,0.0066,0.196875
12_07_01_01_02,12,7,neutral,0.775448,0.090934,0.002611,0.131008
12_07_01_02_01,12,7,neutral,0.803356,0.065313,0.00126,0.130071
12_07_01_02_02,12,7,neutral,0.76455,0.077673,0.00033,0.157446
12_07_02_01_01,12,7,neutral,0.596524,0.385408,0.002286,0.015782
12_07_02_01_02,12,7,neutral,0.489408,0.499519,0.002166,0.008907
12_07_02_02_01,12,7,neutral,0.300975,0.686704,0.000267,0.012054
12_07_02_02_02,12,7,neutral,0.335235,0.649675,0.002064,0.013027
12_08_01_01_01,12,8,neutral,0.507576,0.362247,0.000376,0.129801
12_08_01_01_02,12,8,neutral,0.392749,0.540324,0.000795,0.066131
12_08_01_02_01,12,8,neutral,0.711093,0.202318,0.000111,0.086478
12_08_01_02_02,12,8,neutral,0.243242,0.657721,0.000466,0.098571
12_08_02_01_01,12,8,neutral,0.436725,0.548899,0.000393,0.013983
12_08_02_01_02,12,8,neutral,0.21908,0.770181,0.000388,0.010351
12_08_02_02_01,12,8,neutral,0.145808,0.848135,0.000103,0.005953
12_08_02_02_02,12,8,neutral,0.089737,0.903179,8.4e-05,0.007001
13_01_01_01_01,13,1,neutral,0.362702,0.076237,0.001334,0.559727
13_01_01_01_02,13,1,neutral,0.321972,0.058176,0.001434,0.618418
13_01_01_02_01,13,1,neutral,0.591552,0.07145,0.000668,0.33633
13_01_01_02_02,13,1,neutral,0.469175,0.194984,0.000295,0.335547
13_02_01_01_01,13,2,neutral,0.375112,0.008407,0.003706,0.612776
13_02_01_01_02,13,2,neutral,0.480454,0.030756,0.000712,0.488077
13_02_01_02_01,13,2,neutral,0.586344,0.006515,0.011416,0.395725
13_02_01_02_02,13,2,neutral,0.694803,0.004052,0.004543,0.296602
13_02_02_01_01,13,2,neutral,0.703847,0.003547,0.003717,0.288888
13_02_02_01_02,13,2,neutral,0.574187,0.042635,0.001525,0.381653
13_02_02_02_01,13,2,neutral,0.597749,0.022321,0.001732,0.378198
13_02_02_02_02,13,2,neutral,0.51896,0.022149,0.00193,0.456961
13_03_01_01_01,13,3,happy,0.560691,0.20107,0.000431,0.237808
13_03_01_01_02,13,3,happy,0.770385,0.06706,0.000578,0.161977
13_03_01_02_01,13,3,happy,0.541126,0.133649,9.6e-05,0.325128
13_03_01_02_02,13,3,happy,0.417197,0.270159,0.000143,0.312502
13_03_02_01_01,13,3,happy,0.906603,0.061259,0.001438,0.0307
13_03_02_01_02,13,3,happy,0.771937,0.212454,0.000116,0.015493
13_03_02_02_01,13,3,happy,0.246029,0.73435,4e-05,0.019582
13_03_02_02_02,13,3,happy,0.078286,0.904142,1.1e-05,0.017561
13_04_01_01_01,13,4,sad,0.473619,0.067778,0.00509,0.453513
13_04_01_01_02,13,4,sad,0.575788,0.084175,0.01943,0.320606
13_04_01_02_01,13,4,sad,0.485922,0.041365,0.00338,0.469333
13_04_01_02_02,13,4,sad,0.598012,0.021052,0.008331,0.372605
13_04_02_01_01,13,4,sad,0.522375,0.255187,0.001036,0.221402
13_04_02_01_02,13,4,sad,0.589085,0.100721,0.00364,0.306554
13_04_02_02_01,13,4,sad,0.701338,0.102627,0.000882,0.195153
13_04_02_02_02,13,4,sad,0.726422,0.01187,0.007318,0.254389
13_05_01_01_01,13,5,angry,0.019159,0.959728,1.8e-05,0.021094
13_05_01_01_02,13,5,angry,0.013866,0.981807,4e-06,0.004322
13_05_01_02_01,13,5,angry,0.014549,0.973462,8e-06,0.011981
13_05_01_02_02,13,5,angry,0.00679,0.989513,2e-06,0.003696
13_05_02_01_01,13,5,angry,0.002726,0.997237,1e-06,3.6e-05
13_05_02_01_02,13,5,angry,0.006892,0.993009,2e-06,9.7e-05
13_05_02_02_01,13,5,angry,0.000902,0.999037,0.0,6e-05
13_05_02_02_02,13,5,angry,0.000693,0.999303,0.0,4e-06
13_06_01_01_01,13,6,neutral,0.232219,0.695406,0.000223,0.072151
13_06_01_01_02,13,6,neutral,0.238499,0.640007,0.000638,0.120855
13_06_01_02_01,13,6,neutral,0.235585,0.699273,0.00011,0.065032
13_06_01_02_02,13,6,neutral,0.179885,0.744735,0.00012,0.07526
13_06_02_01_01,13,6,neutral,0.204532,0.767827,0.000268,0.027373
13_06_02_01_02,13,6,neutral,0.016398,0.981406,1.4e-05,0.002183
13_06_02_02_01,13,6,neutral,0.00639,0.992129,5e-06,0.001475
13_06_02_02_02,13,6,neutral,0.568762,0.318412,0.000314,0.112512
13_07_01_01_01,13,7,neutral,0.312251,0.02684,0.001529,0.65938
13_07_01_01_02,13,7,neutral,0.429758,0.029094,0.001796,0.539352
13_07_01_02_01,13,7,neutral,0.612519,0.049182,0.00248,0.335819
13_07_01_02_02,13,7,neutral,0.506231,0.215761,0.001081,0.276927
13_07_02_01_01,13,7,neutral,0.188469,0.736443,0.000293,0.074794
13_07_02_01_02,13,7,neutral,0.239229,0.640207,0.000202,0.120362
13_07_02_02_01,13,7,neutral,0.446551,0.255454,0.002841,0.295153
13_07_02_02_02,13,7,neutral,0.337645,0.551673,0.000664,0.110018
13_08_01_01_01,13,8,neutral,0.336638,0.596285,0.000182,0.066896
13_08_01_01_02,13,8,neutral,0.466696,0.291834,0.000384,0.241086
13_08_01_02_01,13,8,neutral,0.224119,0.433887,4e-05,0.341953
13_08_01_02_02,13,8,neutral,0.1572,0.309024,3.8e-05,0.533738
13_08_02_01_01,13,8,neutral,0.096613,0.878686,1.2e-05,0.02469
13_08_02_01_02,13,8,neutral,0.351413,0.585975,5.3e-05,0.062559
13_08_02_02_01,13,8,neutral,0.127312,0.828962,6e-06,0.04372
13_08_02_02_02,13,8,neutral,0.063001,0.915753,1.2e-05,0.021234
14_01_01_01_01,14,1,neutral,0.091195,0.766771,0.000346,0.141687
14_01_01_01_02,14,1,neutral,0.087482,0.744052,0.000217,0.168249
14_01_01_02_01,14,1,neutral,0.132174,0.611539,0.000106,0.256181
14_01_01_02_02,14,1,neutral,0.112665,0.702138,0.000112,0.185086
14_02_01_01_01,14,2,neutral,0.407424,0.415083,0.000512,0.176981
14_02_01_01_02,14,2,neutral,0.430274,0.330374,0.006117,0.233235
14_02_01_02_01,14,2,neutral,0.288475,0.384436,0.002793,0.324296
14_02_01_02_02,14,2,neutral,0.383101,0.47394,0.000919,0.14204
14_02_02_01_01,14,2,neutral,0.62092,0.296583,0.003547,0.07895
14_02_02_01_02,14,2,neutral,0.54006,0.158805,0.011369,0.289766
14_02_02_02_01,14,2,neutral,0.685431,0.136175,0.004314,0.17408
14_02_02_02_02,14,2,neutral,0.462548,0.416361,0.004778,0.116313
14_03_01_01_01,14,3,happy,0.2125,0.786188,0.000247,0.001065
14_03_01_01_02,14,3,happy,0.015623,0.983822,3.1e-05,0.000524
14_03_01_02_01,14,3,happy,0.574469,0.400657,0.002436,0.022438
14_03_01_02_02,14,3,happy,0.089267,0.908462,0.000193,0.002077
14_03_02_01_01,14,3,happy,0.05774,0.941877,4.2e-05,0.000341
14_03_02_01_02,14,3,happy,0.193786,0.805508,0.000204,0.000502
14_03_02_02_01,14,3,happy,0.364484,0.633868,0.000603,0.001046
14_03_02_02_02,14,3,happy,0.656198,0.34184,0.001082,0.000881
14_04_01_01_01,14,4,sad,0.214656,0.665239,0.00876,0.111345
14_04_01_01_02,14,4,sad,0.029413,0.852547,0.001139,0.116901
14_04_01_02_01,14,4,sad,0.606198,0.296796,0.012668,0.084339
14_04_01_02_02,14,4,sad,0.150335,0.593774,0.008702,0.247189
14_04_02_01_01,14,4,sad,0.073149,0.915795,0.001109,0.009946
14_04_02_01_02,14,4,sad,0.668089,0.311959,0.004054,0.015898
14_04_02_02_01,14,4,sad,0.387622,0.587397,0.003743,0.021238
14_04_02_02_02,14,4,sad,0.48013,0.505031,0.004409,0.01043
14_05_01_01_01,14,5,angry,0.005955,0.993358,1.8e-05,0.00067
14_05_01_01_02,14,5,angry,0.001062,0.998657,2e-06,0.000279
14_05_01_02_01,14,5,angry,0.005427,0.994181,5e-06,0.000387
14_05_01_02_02,14,5,angry,0.003441,0.996162,3e-06,0.000393
14_05_02_01_01,14,5,angry,0.035303,0.964021,0.000225,0.000451
14_05_02_01_02,14,5,angry,0.011396,0.988302,3.3e-05,0.00027
14_05_02_02_01,14,5,angry,0.018203,0.981536,0.0001,0.000161
14_05_02_02_02,14,5,angry,0.013427,0.986457,1.3e-05,0.000102
14_06_01_01_01,14,6,neutral,0.234947,0.727417,0.00497,0.032665
14_06_01_01_02,14,6,neutral,0.038535,0.926501,0.001297,0.033667
14_06_01_02_01,14,6,neutral,0.55327,0.309481,0.01317,0.124079
14_06_01_02_02,14,6,neutral,0.634791,0.310514,0.007249,0.047446
14_06_02_01_01,14,6,neutral,0.12479,0.872023,0.00059,0.002598
14_06_02_01_02,14,6,neutral,0.514258,0.482332,0.000135,0.003275
14_06_02_02_01,14,6,neutral,0.205609,0.791347,0.000875,0.002169
14_06_02_02_02,14,6,neutral,0.505391,0.487187,0.003163,0.00426
14_07_01_01_01,14,7,neutral,0.433785,0.551514,0.00401,0.010691
14_07_01_01_02,14,7,neutral,0.113379,0.872371,0.000432,0.013818
14_07_01_02_01,14,7,neutral,0.110601,0.879821,0.001027,0.00855
14_07_01_02_02,14,7,neutral,0.152785,0.840783,0.003852,0.00258
14_07_02_01_01,14,7,neutral,0.417902,0.571223,0.001027,0.009848
14_07_02_01_02,14,7,neutral,0.611053,0.326213,0.025162,0.037571
14_07_02_02_01,14,7,neutral,0.698153,0.290264,0.001403,0.01018
14_07_02_02_02,14,7,neutral,0.075608,0.9138,0.001539,0.009054
14_08_01_01_01,14,8,neutral,0.111689,0.824528,0.000115,0.063668
14_08_01_01_02,14,8,neutral,0.091099,0.860707,9.7e-05,0.048098
14_08_01_02_01,14,8,neutral,0.191761,0.731795,0.00017,0.076275
14_08_01_02_02,14,8,neutral,0.08556,0.853527,0.000102,0.060811
14_08_02_01_01,14,8,neutral,0.029762,0.966048,2.5e-05,0.004164
14_08_02_01_02,14,8,neutral,0.04441,0.95167,3.7e-05,0.003882
14_08_02_02_01,14,8,neutral,0.166138,0.826463,0.000164,0.007235
14_08_02_02_02,14,8,neutral,0.271684,0.721532,0.000188,0.006595
15_01_01_01_01,15,1,neutral,0.554003,0.244051,0.002047,0.199899
15_01_01_01_02,15,1,neutral,0.502732,0.291587,0.000587,0.205094
15_01_01_02_01,15,1,neutral,0.367211,0.440959,0.000472,0.191358
15_01_01_02_02,15,1,neutral,0.266176,0.464091,0.000846,0.268886
15_02_01_01_01,15,2,neutral,0.808497,0.024274,0.0227,0.144528
15_02_01_01_02,15,2,neutral,0.722829,0.048727,0.017049,0.211395
15_02_01_02_01,15,2,neutral,0.866606,0.029916,0.065992,0.037486
15_02_01_02_02,15,2,neutral,0.822223,0.091317,0.003253,0.083208
15_02_02_01_01,15,2,neutral,0.883591,0.065818,0.005958,0.044634
15_02_02_01_02,15,2,neutral,0.639012,0.144529,0.021405,0.195054
15_02_02_02_01,15,2,neutral,0.851977,0.019497,0.079068,0.049458
15_02_02_02_02,15,2,neutral,0.949622,0.028374,0.005445,0.016559
15_03_01_01_01,15,3,happy,0.918352,0.040762,0.000796,0.040091
15_03_01_01_02,15,3,happy,0.855239,0.086431,0.000421,0.057909
15_03_01_02_01,15,3,happy,0.977079,0.003192,0.000656,0.019073
15_03_01_02_02,15,3,happy,0.960053,0.013767,0.001405,0.024775
15_03_02_01_01,15,3,happy,0.118143,0.871157,0.000543,0.010156
15_03_02_01_02,15,3,happy,0.934044,0.057296,0.000379,0.008282
15_03_02_02_01,15,3,happy,0.912837,0.077047,0.000514,0.009602
15_03_02_02_02,15,3,happy,0.966737,0.022936,0.000351,0.009976
15_04_01_01_01,15,4,sad,0.799374,0.143903,0.002098,0.054625
15_04_01_01_02,15,4,sad,0.765608,0.041801,0.005455,0.187136
15_04_01_02_01,15,4,sad,0.859178,0.033179,0.002536,0.105107
15_04_01_02_02,15,4,sad,0.910569,0.036132,0.007136,0.046162
15_04_02_01_01,15,4,sad,0.907688,0.06265,0.004913,0.024749
15_04_02_01_02,15,4,sad,0.985743,0.007829,0.003866,0.002562
15_04_02_02_01,15,4,sad,0.946678,0.033144,0.000721,0.019457
15_04_02_02_02,15,4,sad,0.976214,0.014415,0.004924,0.004447
15_05_01_01_01,15,5,angry,0.038751,0.957999,6e-05,0.00319
15_05_01_01_02,15,5,angry,0.026478,0.972457,4.1e-05,0.001025
15_05_01_02_01,15,5,angry,0.215147,0.766051,0.000112,0.018691
15_05_01_02_02,15,5,angry,0.007609,0.991856,2e-06,0.000533
15_05_02_01_01,15,5,angry,0.015973,0.983227,2.3e-05,0.000776
15_05_02_01_02,15,5,angry,0.01129,0.98814,6e-06,0.000564
15_05_02_02_01,15,5,angry,0.101335,0.898111,2e-05,0.000534
15_05_02_02_02,15,5,angry,0.016794,0.982666,4e-06,0.000536
15_06_01_01_01,15,6,neutral,0.837858,0.120432,0.006945,0.034765
15_06_01_01_02,15,6,neutral,0.947551,0.032034,0.004325,0.01609
15_06_01_02_01,15,6,neutral,0.887351,0.067659,0.024239,0.020752
15_06_01_02_02,15,6,neutral,0.876932,0.09803,0.004664,0.020374
15_06_02_01_01,15,6,neutral,0.811142,0.174025,0.010779,0.004054
15_06_02_01_02,15,6,neutral,0.574893,0.42248,0.001132,0.001495
15_06_02_02_01,15,6,neutral,0.949599,0.046069,0.00177,0.002562
15_06_02_02_02,15,6,neutral,0.416948,0.575686,0.001803,0.005564
15_07_01_01_01,15,7,neutral,0.860452,0.093374,0.011309,0.034866
15_07_01_01_02,15,7,neutral,0.93216,0.015033,0.002531,0.050276
15_07_01_02_01,15,7,neutral,0.917007,0.012675,0.011061,0.059258
15_07_01_02_02,15,7,neutral,0.524906,0.37816,0.000415,0.096519
15_07_02_01_01,15,7,neutral,0.710809,0.259695,0.002498,0.026997
15_07_02_01_02,15,7,neutral,0.951758,0.007784,0.007036,0.033422
15_07_02_02_01,15,7,neutral,0.624049,0.358909,0.002578,0.014464
15_07_02_02_02,15,7,neutral,0.770634,0.221413,0.001575,0.006378
15_08_01_01_01,15,8,neutral,0.934169,0.020783,0.005829,0.039219
15_08_01_01_02,15,8,neutral,0.756838,0.176012,0.000274,0.066876
15_08_01_02_01,15,8,neutral,0.946703,0.017802,0.000646,0.034849
15_08_01_02_02,15,8,neutral,0.931786,0.031708,0.000208,0.036298
15_08_02_01_01,15,8,neutral,0.357023,0.617149,0.001846,0.023981
15_08_02_01_02,15,8,neutral,0.899883,0.090988,0.000199,0.00893
15_08_02_02_01,15,8,neutral,0.949488,0.017662,0.000266,0.032584
15_08_02_02_02,15,8,neutral,0.973479,0.0145,0.000808,0.011213
16_01_01_01_01,16,1,neutral,0.050062,0.901428,4.4e-05,0.048467
16_01_01_01_02,16,1,neutral,0.076118,0.873992,2.5e-05,0.049864
16_01_01_02_01,16,1,neutral,0.050497,0.925076,1.8e-05,0.024408
16_01_01_02_02,16,1,neutral,0.205945,0.730651,4.6e-05,0.063358
16_02_01_01_01,16,2,neutral,0.221503,0.589336,0.000195,0.188966
16_02_01_01_02,16,2,neutral,0.251793,0.500495,0.000952,0.24676
16_02_01_02_01,16,2,neutral,0.19607,0.706922,0.00022,0.096788
16_02_01_02_02,16,2,neutral,0.29298,0.643846,9.1e-05,0.063083
16_02_02_01_01,16,2,neutral,0.401795,0.533276,0.000232,0.064697
16_02_02_01_02,16,2,neutral,0.081087,0.84437,0.000157,0.074386
16_02_02_02_01,16,2,neutral,0.368722,0.387908,0.000732,0.242639
16_02_02_02_02,16,2,neutral,0.45241,0.329724,0.00061,0.217256
16_03_01_01_01,16,3,happy,0.060845,0.931193,9e-06,0.007953
16_03_01_01_02,16,3,happy,0.065891,0.927389,2.3e-05,0.006696
16_03_01_02_01,16,3,happy,0.027722,0.969808,5e-06,0.002465
16_03_01_02_02,16,3,happy,0.028098,0.964402,1.4e-05,0.007486
16_03_02_01_01,16,3,happy,0.064407,0.934058,1.3e-05,0.001522
16_03_02_01_02,16,3,happy,0.042733,0.956459,8e-06,0.0008
16_03_02_02_01,16,3,happy,0.026803,0.972411,4e-06,0.000782
16_03_02_02_02,16,3,happy,0.12339,0.873803,2.3e-05,0.002784
16_04_01_01_01,16,4,sad,0.23129,0.662544,0.001908,0.104258
16_04_01_01_02,16,4,sad,0.34586,0.602716,0.001106,0.050317
16_04_01_02_01,16,4,sad,0.368284,0.503521,0.000373,0.127822
16_04_01_02_02,16,4,sad,0.223688,0.686398,0.000467,0.089447
16_04_02_01_01,16,4,sad,0.96754,0.009791,0.011895,0.010773
16_04_02_01_02,16,4,sad,0.910971,0.042924,0.011829,0.034276
16_04_02_02_01,16,4,sad,0.903018,0.068469,0.005916,0.022596
16_04_02_02_02,16,4,sad,0.933884,0.03174,0.020815,0.013561
16_05_01_01_01,16,5,angry,0.001883,0.997975,1e-06,0.000141
16_05_01_01_02,16,5,angry,0.008321,0.991289,5e-06,0.000385
16_05_01_02_01,16,5,angry,0.004715,0.994863,1e-06,0.00042
16_05_01_02_02,16,5,angry,0.004339,0.995309,1e-06,0.000352
16_05_02_01_01,16,5,angry,0.000791,0.999203,0.0,6e-06
16_05_02_01_02,16,5,angry,0.001037,0.998939,1e-06,2.4e-05
16_05_02_02_01,16,5,angry,0.001773,0.99818,1e-06,4.6e-05
16_05_02_02_02,16,5,angry,0.001192,0.998772,0.0,3.5e-05
16_06_01_01_01,16,6,neutral,0.570284,0.408959,0.004154,0.016603
16_06_01_01_02,16,6,neutral,0.061344,0.92463,0.000191,0.013834
16_06_01_02_01,16,6,neutral,0.731329,0.243786,0.00082,0.024066
16_06_01_02_02,16,6,neutral,0.610214,0.373701,0.001181,0.014903
16_06_02_01_01,16,6,neutral,0.811978,0.185317,0.001812,0.000893
16_06_02_01_02,16,6,neutral,0.784797,0.210192,0.003851,0.001161
16_06_02_02_01,16,6,neutral,0.845754,0.150644,0.002201,0.001401
16_06_02_02_02,16,6,neutral,0.7106,0.276834,0.009473,0.003093
16_07_01_01_01,16,7,neutral,0.179786,0.795416,0.000252,0.024545
16_07_01_01_02,16,7,neutral,0.294184,0.68281,0.000432,0.022575
16_07_01_02_01,16,7,neutral,0.219263,0.748375,5.9e-05,0.032302
16_07_01_02_02,16,7,neutral,0.212878,0.75064,0.000112,0.036369
16_07_02_01_01,16,7,neutral,0.251829,0.710233,0.000638,0.0373
16_07_02_01_02,16,7,neutral,0.176196,0.815584,0.000474,0.007747
16_07_02_02_01,16,7,neutral,0.24421,0.73875,0.000299,0.016742
16_07_02_02_02,16,7,neutral,0.015527,0.981725,1.9e-05,0.002729
16_08_01_01_01,16,8,neutral,0.030139,0.947395,5.1e-05,0.022414
16_08_01_01_02,16,8,neutral,0.060486,0.936709,1.3e-05,0.002792
16_08_01_02_01,16,8,neutral,0.012383,0.9856,6e-06,0.00201
16_08_01_02_02,16,8,neutral,0.012709,0.985146,6e-06,0.002139
16_08_02_01_01,16,8,neutral,0.054524,0.93757,4.2e-05,0.007864
16_08_02_01_02,16,8,neutral,0.01264,0.986166,2.3e-05,0.001171
16_08_02_02_01,16,8,neutral,0.027566,0.971673,1.4e-05,0.000748
16_08_02_02_02,16,8,neutral,0.010895,0.988217,5e-06,0.000883
17_01_01_01_01,17,1,neutral,0.662364,0.013476,0.04529,0.27887
17_01_01_01_02,17,1,neutral,0.777478,0.029887,0.025848,0.166787
17_01_01_02_01,17,1,neutral,0.564883,0.021017,0.027237,0.386863
17_01_01_02_02,17,1,neutral,0.686207,0.00367,0.072631,0.237493
17_02_01_01_01,17,2,neutral,0.758067,0.019812,0.006454,0.215666
17_02_01_01_02,17,2,neutral,0.782383,0.031048,0.01473,0.171839
17_02_01_02_01,17,2,neutral,0.852339,0.006937,0.032151,0.108572
17_02_01_02_02,17,2,neutral,0.673663,0.004469,0.033939,0.287929
17_02_02_01_01,17,2,neutral,0.789078,0.013998,0.020665,0.176259
17_02_02_01_02,17,2,neutral,0.789334,0.003155,0.077422,0.130088
17_02_02_02_01,17,2,neutral,0.896899,0.001521,0.037199,0.064381
17_02_02_02_02,17,2,neutral,0.845057,0.001236,0.084837,0.06887
17_03_01_01_01,17,3,happy,0.814112,0.0203,0.007826,0.157762
17_03_01_01_02,17,3,happy,0.858044,0.061805,0.003148,0.077004
17_03_01_02_01,17,3,happy,0.742399,0.130444,0.001966,0.125191
17_03_01_02_02,17,3,happy,0.806763,0.025169,0.025432,0.142636
17_03_02_01_01,17,3,happy,0.770172,0.209814,0.00768,0.012335
17_03_02_01_02,17,3,happy,0.694291,0.293151,0.002707,0.009852
17_03_02_02_01,17,3,happy,0.598828,0.382735,0.00298,0.015457
17_03_02_02_02,17,3,happy,0.714207,0.26524,0.004247,0.016306
17_04_01_01_01,17,4,sad,0.883999,0.012122,0.035871,0.068009
17_04_01_01_02,17,4,sad,0.861789,0.020692,0.033384,0.084135
17_04_01_02_01,17,4,sad,0.678654,0.011951,0.102853,0.206542
17_04_01_02_02,17,4,sad,0.857338,0.034487,0.024043,0.084131
17_04_02_01_01,17,4,sad,0.889836,0.016555,0.044345,0.049264
17_04_02_01_02,17,4,sad,0.917675,0.020464,0.028509,0.033351
17_04_02_02_01,17,4,sad,0.802053,0.015064,0.114422,0.068462
17_04_02_02_02,17,4,sad,0.92241,0.008329,0.0437,0.02556
17_05_01_01_01,17,5,angry,0.952234,0.005079,0.009686,0.033001
17_05_01_01_02,17,5,angry,0.733828,0.09964,0.022962,0.143569
17_05_01_02_01,17,5,angry,0.802053,0.137699,0.010044,0.050204
17_05_01_02_02,17,5,angry,0.818291,0.043031,0.03273,0.105949
17_05_02_01_01,17,5,angry,0.334602,0.661168,0.000377,0.003853
17_05_02_01_02,17,5,angry,0.046818,0.950234,3.5e-05,0.002912
17_05_02_02_01,17,5,angry,0.079479,0.915074,4.4e-05,0.005403
17_05_02_02_02,17,5,angry,0.027136,0.957646,8.2e-05,0.015136
17_06_01_01_01,17,6,neutral,0.831803,0.071712,0.023563,0.072922
17_06_01_01_02,17,6,neutral,0.809948,0.134313,0.017951,0.037789
17_06_01_02_01,17,6,neutral,0.883065,0.043764,0.054994,0.018178
17_06_01_02_02,17,6,neutral,0.262285,0.729818,0.001185,0.006711
17_06_02_01_01,17,6,neutral,0.606355,0.384279,0.00383,0.005536
17_06_02_01_02,17,6,neutral,0.329328,0.667738,0.000769,0.002165
17_06_02_02_01,17,6,neutral,0.083437,0.911336,0.000324,0.004903
17_06_02_02_02,17,6,neutral,0.601713,0.392302,0.001254,0.004731
17_07_01_01_01,17,7,neutral,0.597719,0.378597,0.001543,0.022141
17_07_01_01_02,17,7,neutral,0.414227,0.547246,0.00184,0.036687
17_07_01_02_01,17,7,neutral,0.926806,0.026853,0.012786,0.033555
17_07_01_02_02,17,7,neutral,0.871273,0.01771,0.040718,0.070299
17_07_02_01_01,17,7,neutral,0.559651,0.432972,0.001573,0.005805
17_07_02_01_02,17,7,neutral,0.751304,0.213769,0.001169,0.033759
17_07_02_02_01,17,7,neutral,0.809293,0.181968,0.004152,0.004588
17_07_02_02_02,17,7,neutral,0.875543,0.106474,0.006902,0.011081
17_08_01_01_01,17,8,neutral,0.784469,0.189608,0.000603,0.02532
17_08_01_01_02,17,8,neutral,0.803597,0.177069,0.006174,0.013161
17_08_01_02_01,17,8,neutral,0.623035,0.359835,0.001202,0.015929
17_08_01_02_02,17,8,neutral,0.885798,0.099284,0.003876,0.011043
17_08_02_01_01,17,8,neutral,0.309284,0.680899,0.001155,0.008662
17_08_02_01_02,17,8,neutral,0.943786,0.040553,0.007519,0.008142
17_08_02_02_01,17,8,neutral,0.370872,0.624089,0.001721,0.003319
17_08_02_02_02,17,8,neutral,0.416533,0.578303,0.001269,0.003895
18_01_01_01_01,18,1,neutral,0.530825,0.029239,0.005696,0.43424
18_01_01_01_02,18,1,neutral,0.311479,0.113686,0.014434,0.560401
18_01_01_02_01,18,1,neutral,0.314975,0.094191,0.005302,0.585532
18_01_01_02_02,18,1,neutral,0.510949,0.079287,0.010886,0.398878
18_02_01_01_01,18,2,neutral,0.326433,0.120198,0.008661,0.544708
18_02_01_01_02,18,2,neutral,0.573192,0.039155,0.003651,0.384001
18_02_01_02_01,18,2,neutral,0.542852,0.15361,0.007823,0.295714
18_02_01_02_02,18,2,neutral,0.436397,0.334443,0.00265,0.22651
18_02_02_01_01,18,2,neutral,0.477406,0.08863,0.003321,0.430643
18_02_02_01_02,18,2,neutral,0.633227,0.067788,0.010218,0.288767
18_02_02_02_01,18,2,neutral,0.697642,0.143719,0.003019,0.15562
18_02_02_02_02,18,2,neutral,0.65158,0.097517,0.002771,0.248132
18_03_01_01_01,18,3,happy,0.654081,0.228161,0.001352,0.116406
18_03_01_01_02,18,3,happy,0.747536,0.186101,0.001012,0.065351
18_03_01_02_01,18,3,happy,0.53265,0.329485,0.001256,0.13661
18_03_01_02_02,18,3,happy,0.705604,0.170669,0.000756,0.122971
18_03_02_01_01,18,3,happy,0.525759,0.46641,0.00117,0.006661
18_03_02_01_02,18,3,happy,0.972024,0.024328,0.003333,0.000316
18_03_02_02_01,18,3,happy,0.825092,0.172114,0.000681,0.002114
18_03_02_02_02,18,3,happy,0.739161,0.256089,0.002508,0.002242
18_04_01_01_01,18,4,sad,0.18005,0.522231,0.005926,0.291792
18_04_01_01_02,18,4,sad,0.360005,0.452953,0.00366,0.183382
18_04_01_02_01,18,4,sad,0.281757,0.136404,0.013245,0.568595
18_04_01_02_02,18,4,sad,0.378707,0.301188,0.010583,0.309523
18_04_02_01_01,18,4,sad,0.89918,0.09343,0.005373,0.002017
18_04_02_01_02,18,4,sad,0.945914,0.04881,0.003908,0.001368
18_04_02_02_01,18,4,sad,0.960852,0.026117,0.010746,0.002286
18_04_02_02_02,18,4,sad,0.956577,0.037211,0.004725,0.001486
18_05_01_01_01,18,5,angry,0.015421,0.970733,0.000197,0.013649
18_05_01_01_02,18,5,angry,0.05476,0.9283,0.002286,0.014654
18_05_01_02_01,18,5,angry,0.016046,0.979861,1.5e-05,0.004078
18_05_01_02_02,18,5,angry,0.035547,0.958626,7.5e-05,0.005751
18_05_02_01_01,18,5,angry,0.012794,0.986713,7e-06,0.000486
18_05_02_01_02,18,5,angry,0.012331,0.986864,6e-06,0.0008
18_05_02_02_01,18,5,angry,0.090929,0.908113,2.7e-05,0.000931
18_05_02_02_02,18,5,angry,0.018941,0.980814,6e-06,0.000239
18_06_01_01_01,18,6,neutral,0.528091,0.426253,0.017586,0.028071
18_06_01_01_02,18,6,neutral,0.399683,0.564554,0.018462,0.017302
18_06_01_02_01,18,6,neutral,0.314582,0.665567,0.003,0.016851
18_06_01_02_02,18,6,neutral,0.785664,0.192451,0.013673,0.008212
18_06_02_01_01,18,6,neutral,0.853443,0.138802,0.005535,0.00222
18_06_02_01_02,18,6,neutral,0.451374,0.536303,0.006457,0.005866
18_06_02_02_01,18,6,neutral,0.933323,0.057226,0.007248,0.002203
18_06_02_02_02,18,6,neutral,0.959927,0.030799,0.007294,0.00198
18_07_01_01_01,18,7,neutral,0.421885,0.524059,0.010196,0.04386
18_07_01_01_02,18,7,neutral,0.023592,0.966071,0.000769,0.009568
18_07_01_02_01,18,7,neutral,0.254113,0.735456,0.000445,0.009986
18_07_01_02_02,18,7,neutral,0.255074,0.707323,0.002134,0.035469
18_07_02_01_01,18,7,neutral,0.407035,0.582562,0.006061,0.004342
18_07_02_01_02,18,7,neutral,0.205828,0.781153,0.009152,0.003867
18_07_02_02_01,18,7,neutral,0.183244,0.812171,0.001379,0.003206
18_07_02_02_02,18,7,neutral,0.041553,0.957959,4.9e-05,0.000438
18_08_01_01_01,18,8,neutral,0.533342,0.267886,0.002821,0.195951
18_08_01_01_02,18,8,neutral,0.199781,0.617245,0.000701,0.182273
18_08_01_02_01,18,8,neutral,0.450351,0.444754,0.001056,0.103838
18_08_01_02_02,18,8,neutral,0.567469,0.33292,0.002068,0.097544
18_08_02_01_01,18,8,neutral,0.498455,0.489997,0.002342,0.009207
18_08_02_01_02,18,8,neutral,0.032816,0.958955,0.000146,0.008083
18_08_02_02_01,18,8,neutral,0.115717,0.879816,0.00013,0.004337
18_08_02_02_02,18,8,neutral,0.13816,0.855276,0.000667,0.005897
19_01_01_01_01,19,1,neutral,0.596482,0.011007,0.008562,0.383949
19_01_01_01_02,19,1,neutral,0.710948,0.009606,0.004304,0.275141
19_01_01_02_01,19,1,neutral,0.809746,0.001587,0.005737,0.182931
19_01_01_02_02,19,1,neutral,0.651378,0.003714,0.011669,0.333239
19_02_01_01_01,19,2,neutral,0.782155,0.002638,0.011169,0.204037
19_02_01_01_02,19,2,neutral,0.713591,0.001816,0.01352,0.271073
19_02_01_02_01,19,2,neutral,0.604903,0.00214,0.011958,0.381
19_02_01_02_02,19,2,neutral,0.808761,0.000428,0.024443,0.166368
19_02_02_01_01,19,2,neutral,0.602812,0.005381,0.035548,0.356259
19_02_02_01_02,19,2,neutral,0.822427,0.001291,0.057734,0.118547
19_02_02_02_01,19,2,neutral,0.839357,0.000935,0.050849,0.108859
19_02_02_02_02,19,2,neutral,0.81115,0.000901,0.090587,0.097362
19_03_01_01_01,19,3,happy,0.891963,0.035965,0.002607,0.069465
19_03_01_01_02,19,3,happy,0.948115,0.033407,0.001068,0.01741
19_03_01_02_01,19,3,happy,0.801814,0.002109,0.004265,0.191812
19_03_01_02_02,19,3,happy,0.780174,0.027254,0.003755,0.188817
19_03_02_01_01,19,3,happy,0.86175,0.110178,0.000762,0.02731
19_03_02_01_02,19,3,happy,0.987823,0.003342,0.000502,0.008332
19_03_02_02_01,19,3,happy,0.944383,0.043095,0.006943,0.00558
19_03_02_02_02,19,3,happy,0.28495,0.671899,0.002068,0.041082
19_04_01_01_01,19,4,sad,0.668254,0.008861,0.002754,0.320132
19_04_01_01_02,19,4,sad,0.801405,0.000962,0.081613,0.11602
19_04_01_02_01,19,4,sad,0.785878,0.000246,0.019868,0.194007
19_04_01_02_02,19,4,sad,0.555334,0.000798,0.040809,0.403058
19_04_02_01_01,19,4,sad,0.987123,0.003085,0.008761,0.001031
19_04_02_01_02,19,4,sad,0.984548,0.00057,0.008896,0.005986
19_04_02_02_01,19,4,sad,0.965734,0.000237,0.008897,0.025132
19_04_02_02_02,19,4,sad,0.988963,0.000104,0.00702,0.003914
19_05_01_01_01,19,5,angry,0.16448,0.831803,7.6e-05,0.003641
19_05_01_01_02,19,5,angry,0.127566,0.855029,0.000204,0.017201
19_05_01_02_01,19,5,angry,0.936473,0.046851,0.000401,0.016275
19_05_01_02_02,19,5,angry,0.049839,0.942937,0.000171,0.007053
19_05_02_01_01,19,5,angry,0.014466,0.985443,2e-06,8.9e-05
19_05_02_01_02,19,5,angry,0.078693,0.920884,1.7e-05,0.000407
19_05_02_02_01,19,5,angry,0.158981,0.839096,5.4e-05,0.001869
19_05_02_02_02,19,5,angry,0.020291,0.979512,1.6e-05,0.000182
19_06_01_01_01,19,6,neutral,0.929141,0.014926,0.020409,0.035523
19_06_01_01_02,19,6,neutral,0.891821,0.009959,0.048322,0.049898
19_06_01_02_01,19,6,neutral,0.919152,0.024324,0.032811,0.023714
19_06_01_02_02,19,6,neutral,0.807673,0.046301,0.004046,0.14198
19_06_02_01_01,19,6,neutral,0.993111,0.005592,0.0007,0.000597
19_06_02_01_02,19,6,neutral,0.982752,0.014519,0.000789,0.001939
19_06_02_02_01,19,6,neutral,0.710306,0.277289,0.010168,0.002238
19_06_02_02_02,19,6,neutral,0.948527,0.005211,0.045878,0.000384
19_07_01_01_01,19,7,neutral,0.930194,0.028711,0.012213,0.028883
19_07_01_01_02,19,7,neutral,0.939668,0.002501,0.012358,0.045473
19_07_01_02_01,19,7,neutral,0.945134,0.003961,0.011032,0.039873
19_07_01_02_02,19,7,neutral,0.788651,0.108725,0.007658,0.094966
19_07_02_01_01,19,7,neutral,0.931924,0.041214,0.024655,0.002206
19_07_02_01_02,19,7,neutral,0.94355,0.051617,0.003486,0.001347
19_07_02_02_01,19,7,neutral,0.373091,0.624632,0.000865,0.001412
19_07_02_02_02,19,7,neutral,0.875172,0.122017,0.001283,0.001528
19_08_01_01_01,19,8,neutral,0.46065,0.117415,0.0073,0.414634
19_08_01_01_02,19,8,neutral,0.699072,0.003657,0.00061,0.296662
19_08_01_02_01,19,8,neutral,0.809988,0.005845,0.001465,0.182701
19_08_01_02_02,19,8,neutral,0.48228,0.052672,0.002198,0.462851
19_08_02_01_01,19,8,neutral,0.296964,0.599724,0.001148,0.102164
19_08_02_01_02,19,8,neutral,0.603185,0.341069,0.001911,0.053835
19_08_02_02_01,19,8,neutral,0.959327,0.011703,0.000322,0.028648
19_08_02_02_02,19,8,neutral,0.56944,0.326107,0.000255,0.104198
20_01_01_01_01,20,1,neutral,0.131296,0.591236,0.001059,0.276409
20_01_01_01_02,20,1,neutral,0.182966,0.672981,0.00057,0.143483
20_01_01_02_01,20,1,neutral,0.146303,0.622233,0.000668,0.230796
20_01_01_02_02,20,1,neutral,0.228742,0.544715,0.000487,0.226056
20_02_01_01_01,20,2,neutral,0.558728,0.117461,0.009291,0.31452
20_02_01_01_02,20,2,neutral,0.486517,0.091666,0.003777,0.41804
20_02_01_02_01,20,2,neutral,0.362414,0.11364,0.004211,0.519735
20_02_01_02_02,20,2,neutral,0.660454,0.076663,0.00697,0.255914
20_02_02_01_01,20,2,neutral,0.654275,0.038436,0.012921,0.294368
20_02_02_01_02,20,2,neutral,0.747105,0.00661,0.011009,0.235276
20_02_02_02_01,20,2,neutral,0.657143,0.008833,0.013871,0.320153
20_02_02_02_02,20,2,neutral,0.78475,0.030815,0.005508,0.178927
20_03_01_01_01,20,3,happy,0.473829,0.488307,0.000856,0.037008
20_03_01_01_02,20,3,happy,0.677209,0.2851,0.000851,0.03684
20_03_01_02_01,20,3,happy,0.795956,0.157983,0.001444,0.044618
20_03_01_02_02,20,3,happy,0.725234,0.137264,0.000517,0.136984
20_03_02_01_01,20,3,happy,0.067143,0.924504,0.000308,0.008044
20_03_02_01_02,20,3,happy,0.983947,0.01321,0.00192,0.000924
20_03_02_02_01,20,3,happy,0.195754,0.800346,7.1e-05,0.003828
20_03_02_02_02,20,3,happy,0.316123,0.679244,0.003438,0.001195
20_04_01_01_01,20,4,sad,0.459277,0.014374,0.076579,0.44977
20_04_01_01_02,20,4,sad,0.671099,0.012881,0.038282,0.277739
20_04_01_02_01,20,4,sad,0.179839,0.022225,0.008898,0.789039
20_04_01_02_02,20,4,sad,0.721503,0.000887,0.055928,0.221682
20_04_02_01_01,20,4,sad,0.970596,0.001436,0.015701,0.012267
20_04_02_01_02,20,4,sad,0.969236,0.004208,0.026277,0.000278
20_04_02_02_01,20,4,sad,0.857896,0.008064,0.083514,0.050526
20_04_02_02_02,20,4,sad,0.979946,0.002756,0.016392,0.000905
20_05_01_01_01,20,5,angry,0.141535,0.721732,0.000643,0.13609
20_05_01_01_02,20,5,angry,0.024087,0.973073,5.4e-05,0.002785
20_05_01_02_01,20,5,angry,0.380238,0.500072,0.000439,0.119252
20_05_01_02_02,20,5,angry,0.417273,0.563417,0.001034,0.018276
20_05_02_01_01,20,5,angry,0.123073,0.875855,0.000704,0.000368
20_05_02_01_02,20,5,angry,0.300009,0.698075,0.00055,0.001366
20_05_02_02_01,20,5,angry,0.093009,0.906361,0.000361,0.000269
20_05_02_02_02,20,5,angry,0.448236,0.547224,0.003933,0.000606
20_06_01_01_01,20,6,neutral,0.626393,0.268006,0.00937,0.096231
20_06_01_01_02,20,6,neutral,0.830797,0.065798,0.015036,0.088369
20_06_01_02_01,20,6,neutral,0.38365,0.028949,0.00415,0.583251
20_06_01_02_02,20,6,neutral,0.345441,0.016722,0.031448,0.606388
20_06_02_01_01,20,6,neutral,0.993967,0.002023,0.003526,0.000485
20_06_02_01_02,20,6,neutral,0.993179,0.001987,0.004282,0.000552
20_06_02_02_01,20,6,neutral,0.916729,0.074559,0.003562,0.00515
20_06_02_02_02,20,6,neutral,0.970537,0.015428,0.012388,0.001647
20_07_01_01_01,20,7,neutral,0.078825,0.909501,0.000356,0.011318
20_07_01_01_02,20,7,neutral,0.588785,0.300316,0.001905,0.108994
20_07_01_02_01,20,7,neutral,0.415436,0.487455,0.005583,0.091526
20_07_01_02_02,20,7,neutral,0.524204,0.399216,0.003038,0.073541
20_07_02_01_01,20,7,neutral,0.058459,0.934467,0.000534,0.006541
20_07_02_01_02,20,7,neutral,0.233345,0.748646,0.010749,0.00726
20_07_02_02_01,20,7,neutral,0.384956,0.612435,0.000701,0.001909
20_07_02_02_02,20,7,neutral,0.393541,0.60402,0.000875,0.001564
20_08_01_01_01,20,8,neutral,0.517519,0.387596,0.001717,0.093168
20_08_01_01_02,20,8,neutral,0.583208,0.342797,0.003953,0.070042
20_08_01_02_01,20,8,neutral,0.347831,0.517146,0.001829,0.133193
20_08_01_02_02,20,8,neutral,0.438854,0.360436,0.001606,0.199104
20_08_02_01_01,20,8,neutral,0.954022,0.040067,0.003593,0.002318
20_08_02_01_02,20,8,neutral,0.200363,0.622619,0.000598,0.17642
20_08_02_02_01,20,8,neutral,0.948656,0.03926,0.009118,0.002966
20_08_02_02_02,20,8,neutral,0.666471,0.260544,0.01295,0.060034
21_01_01_01_01,21,1,neutral,0.463027,0.070052,0.003286,0.463635
21_01_01_01_02,21,1,neutral,0.753558,0.02949,0.001925,0.215027
21_01_01_02_01,21,1,neutral,0.614029,0.065768,0.003427,0.316777
21_01_01_02_02,21,1,neutral,0.51091,0.062577,0.001667,0.424846
21_02_01_01_01,21,2,neutral,0.784938,0.003488,0.016476,0.195098
21_02_01_01_02,21,2,neutral,0.67781,0.00619,0.006464,0.309537
21_02_01_02_01,21,2,neutral,0.697078,0.00902,0.004605,0.289297
21_02_01_02_02,21,2,neutral,0.713737,0.003678,0.019321,0.263264
21_02_02_01_01,21,2,neutral,0.904139,0.001718,0.010616,0.083527
21_02_02_01_02,21,2,neutral,0.774561,0.001074,0.052545,0.171821
21_02_02_02_01,21,2,neutral,0.585792,0.002528,0.027338,0.384342
21_02_02_02_02,21,2,neutral,0.762379,0.00324,0.048476,0.185905
21_03_01_01_01,21,3,happy,0.578627,0.120716,0.000896,0.29976
21_03_01_01_02,21,3,happy,0.763297,0.117363,0.000493,0.118847
21_03_01_02_01,21,3,happy,0.894878,0.021223,0.001859,0.08204
21_03_01_02_02,21,3,happy,0.769932,0.113091,0.001627,0.11535
21_03_02_01_01,21,3,happy,0.732611,0.226118,6.2e-05,0.041209
21_03_02_01_02,21,3,happy,0.543866,0.385333,7e-05,0.070731
21_03_02_02_01,21,3,happy,0.849583,0.10489,0.000349,0.045178
21_03_02_02_02,21,3,happy,0.65106,0.299193,0.00022,0.049527
21_04_01_01_01,21,4,sad,0.845355,0.004993,0.011604,0.138048
21_04_01_01_02,21,4,sad,0.697987,0.002872,0.018111,0.28103
21_04_01_02_01,21,4,sad,0.834079,0.001438,0.011785,0.152698
21_04_01_02_02,21,4,sad,0.808994,0.003576,0.005588,0.181842
21_04_02_01_01,21,4,sad,0.984728,0.0014,0.001693,0.012179
21_04_02_01_02,21,4,sad,0.982674,0.003016,0.000773,0.013537
21_04_02_02_01,21,4,sad,0.980326,0.002064,0.000926,0.016683
21_04_02_02_02,21,4,sad,0.975262,0.001531,0.000393,0.022813
21_05_01_01_01,21,5,angry,0.443293,0.534247,0.000136,0.022324
21_05_01_01_02,21,5,angry,0.377278,0.597026,0.000206,0.02549
21_05_01_02_01,21,5,angry,0.450215,0.540349,0.000115,0.009321
21_05_01_02_02,21,5,angry,0.298324,0.690825,4.2e-05,0.010808
21_05_02_01_01,21,5,angry,0.552934,0.442049,0.000208,0.004809
21_05_02_01_02,21,5,angry,0.446281,0.550428,8.7e-05,0.003204
21_05_02_02_01,21,5,angry,0.265717,0.731016,0.000108,0.003159
21_05_02_02_02,21,5,angry,0.335096,0.662775,6.7e-05,0.002062
21_06_01_01_01,21,6,neutral,0.945679,0.009361,0.000753,0.044207
21_06_01_01_02,21,6,neutral,0.871848,0.03165,0.001511,0.094992
21_06_01_02_01,21,6,neutral,0.963995,0.002105,0.007925,0.025975
21_06_01_02_02,21,6,neutral,0.875604,0.007989,0.008009,0.108398
21_06_02_01_01,21,6,neutral,0.95881,0.022098,0.000746,0.018346
21_06_02_01_02,21,6,neutral,0.94588,0.041371,0.002054,0.010696
21_06_02_02_01,21,6,neutral,0.980621,0.016508,0.00069,0.002181
21_06_02_02_02,21,6,neutral,0.927919,0.04268,0.004193,0.025207
21_07_01_01_01,21,7,neutral,0.376738,0.575857,0.00029,0.047115
21_07_01_01_02,21,7,neutral,0.756192,0.185263,0.000738,0.057807
21_07_01_02_01,21,7,neutral,0.76991,0.183873,0.00035,0.045867
21_07_01_02_02,21,7,neutral,0.640192,0.281951,0.00045,0.077406
21_07_02_01_01,21,7,neutral,0.830003,0.11549,0.001125,0.053382
21_07_02_01_02,21,7,neutral,0.788397,0.12519,0.002601,0.083812
21_07_02_02_01,21,7,neutral,0.595981,0.375451,0.000733,0.027834
21_07_02_02_02,21,7,neutral,0.887073,0.079675,0.001795,0.031457
21_08_01_01_01,21,8,neutral,0.630128,0.282469,0.000169,0.087234
21_08_01_01_02,21,8,neutral,0.339609,0.562538,0.000201,0.097653
21_08_01_02_01,21,8,neutral,0.798038,0.173804,0.000569,0.027589
21_08_01_02_02,21,8,neutral,0.292644,0.666882,3.1e-05,0.040444
21_08_02_01_01,21,8,neutral,0.315551,0.675235,0.000122,0.009092
21_08_02_01_02,21,8,neutral,0.634221,0.331396,0.000225,0.034158
21_08_02_02_01,21,8,neutral,0.723426,0.25608,8.8e-05,0.020405
21_08_02_02_02,21,8,neutral,0.77898,0.184615,0.000204,0.036202
22_01_01_01_01,22,1,neutral,0.342882,0.077287,0.001335,0.578496
22_01_01_01_02,22,1,neutral,0.675499,0.049378,0.001948,0.273175
22_01_01_02_01,22,1,neutral,0.585438,0.082567,0.001422,0.330573
22_01_01_02_02,22,1,neutral,0.433916,0.063336,0.003055,0.499692
22_02_01_01_01,22,2,neutral,0.792176,0.027919,0.002551,0.177355
22_02_01_01_02,22,2,neutral,0.725005,0.038398,0.003654,0.232944
22_02_01_02_01,22,2,neutral,0.645558,0.025801,0.001165,0.327475
22_02_01_02_02,22,2,neutral,0.655716,0.038988,0.00476,0.300536
22_02_02_01_01,22,2,neutral,0.846288,0.052893,0.010602,0.090217
22_02_02_01_02,22,2,neutral,0.829496,0.072584,0.004598,0.093322
22_02_02_02_01,22,2,neutral,0.74708,0.007256,0.009844,0.23582
22_02_02_02_02,22,2,neutral,0.73184,0.063173,0.002471,0.202517
22_03_01_01_01,22,3,happy,0.446167,0.305332,0.002983,0.245518
22_03_01_01_02,22,3,happy,0.798026,0.081993,0.001271,0.11871
22_03_01_02_01,22,3,happy,0.460864,0.354678,0.000372,0.184086
22_03_01_02_02,22,3,happy,0.545302,0.296369,0.000599,0.157731
22_03_02_01_01,22,3,happy,0.143908,0.850815,0.00012,0.005157
22_03_02_01_02,22,3,happy,0.280545,0.71286,0.000827,0.005768
22_03_02_02_01,22,3,happy,0.179659,0.818571,0.000488,0.001282
22_03_02_02_02,22,3,happy,0.202549,0.792675,0.000415,0.004361
22_04_01_01_01,22,4,sad,0.480391,0.132642,0.005146,0.381821
22_04_01_01_02,22,4,sad,0.395514,0.214926,0.007898,0.381662
22_04_01_02_01,22,4,sad,0.451459,0.0616,0.032056,0.454886
22_04_01_02_02,22,4,sad,0.397466,0.153566,0.024239,0.424729
22_04_02_01_01,22,4,sad,0.694522,0.152964,0.032851,0.119662
22_04_02_01_02,22,4,sad,0.763142,0.173645,0.007717,0.055496
22_04_02_02_01,22,4,sad,0.704308,0.18326,0.016426,0.096007
22_04_02_02_02,22,4,sad,0.461799,0.407098,0.004002,0.127101
22_05_01_01_01,22,5,angry,0.082861,0.900365,9.8e-05,0.016676
22_05_01_01_02,22,5,angry,0.054199,0.936434,2.1e-05,0.009346
22_05_01_02_01,22,5,angry,0.070966,0.916334,7.9e-05,0.012621
22_05_01_02_02,22,5,angry,0.039417,0.953585,3e-05,0.006968
22_05_02_01_01,22,5,angry,0.019245,0.98028,2.1e-05,0.000454
22_05_02_01_02,22,5,angry,0.004406,0.995387,5e-06,0.000202
22_05_02_02_01,22,5,angry,0.009323,0.990315,1.5e-05,0.000347
22_05_02_02_02,22,5,angry,0.0041,0.995709,8e-06,0.000183
22_06_01_01_01,22,6,neutral,0.366364,0.555947,0.006098,0.071592
22_06_01_01_02,22,6,neutral,0.614227,0.325372,0.009126,0.051274
22_06_01_02_01,22,6,neutral,0.434655,0.3749,0.007434,0.183011
22_06_01_02_02,22,6,neutral,0.445371,0.478803,0.001754,0.074072
22_06_02_01_01,22,6,neutral,0.382061,0.598596,0.005257,0.014086
22_06_02_01_02,22,6,neutral,0.48042,0.511806,0.002296,0.005477
22_06_02_02_01,22,6,neutral,0.746582,0.246618,0.004365,0.002435
22_06_02_02_02,22,6,neutral,0.771384,0.221561,0.004049,0.003006
22_07_01_01_01,22,7,neutral,0.498599,0.439946,0.000339,0.061116
22_07_01_01_02,22,7,neutral,0.347025,0.605505,0.000911,0.046559
22_07_01_02_01,22,7,neutral,0.816956,0.112849,0.000663,0.069532
22_07_01_02_02,22,7,neutral,0.756158,0.186883,0.000661,0.056298
22_07_02_01_01,22,7,neutral,0.488559,0.502798,0.000565,0.008078
22_07_02_01_02,22,7,neutral,0.245455,0.748277,0.000104,0.006164
22_07_02_02_01,22,7,neutral,0.786553,0.182172,0.001143,0.030132
22_07_02_02_02,22,7,neutral,0.526918,0.465064,0.000341,0.007677
22_08_01_01_01,22,8,neutral,0.144483,0.841438,7.2e-05,0.014006
22_08_01_01_02,22,8,neutral,0.120292,0.860818,8.5e-05,0.018805
22_08_01_02_01,22,8,neutral,0.226906,0.729899,0.000184,0.043012
22_08_01_02_02,22,8,neutral,0.227625,0.754888,0.000187,0.0173
22_08_02_01_01,22,8,neutral,0.103693,0.890562,8.8e-05,0.005657
22_08_02_01_02,22,8,neutral,0.260364,0.731556,0.000212,0.007868
22_08_02_02_01,22,8,neutral,0.114905,0.883401,0.000174,0.00152
22_08_02_02_02,22,8,neutral,0.160192,0.832492,0.000275,0.007042
23_01_01_01_01,23,1,neutral,0.581405,0.200424,0.001423,0.216748
23_01_01_01_02,23,1,neutral,0.465178,0.322711,0.000468,0.211644
23_01_01_02_01,23,1,neutral,0.473784,0.218916,0.000619,0.306682
23_01_01_02_02,23,1,neutral,0.633099,0.234895,0.000381,0.131626
23_02_01_01_01,23,2,neutral,0.727979,0.059078,0.001619,0.211325
23_02_01_01_02,23,2,neutral,0.794329,0.031628,0.002743,0.171299
23_02_01_02_01,23,2,neutral,0.679578,0.080528,0.000947,0.238947
23_02_01_02_02,23,2,neutral,0.815976,0.038163,0.001399,0.144462
23_02_02_01_01,23,2,neutral,0.795532,0.039398,0.0018,0.163269
23_02_02_01_02,23,2,neutral,0.892613,0.011535,0.002493,0.093359
23_02_02_02_01,23,2,neutral,0.910609,0.004338,0.001853,0.0832
23_02_02_02_02,23,2,neutral,0.916218,0.004371,0.001228,0.078183
23_03_01_01_01,23,3,happy,0.606671,0.337695,0.000357,0.055277
23_03_01_01_02,23,3,happy,0.403415,0.531615,9.3e-05,0.064877
23_03_01_02_01,23,3,happy,0.678953,0.266885,0.000376,0.053786
23_03_01_02_02,23,3,happy,0.382591,0.587382,0.000842,0.029185
23_03_02_01_01,23,3,happy,0.006022,0.992306,3e-06,0.001668
23_03_02_01_02,23,3,happy,0.015816,0.982011,9e-06,0.002164
23_03_02_02_01,23,3,happy,0.026363,0.971152,6e-06,0.00248
23_03_02_02_02,23,3,happy,0.038376,0.959948,3e-06,0.001672
23_04_01_01_01,23,4,sad,0.754033,0.042738,0.013411,0.189818
23_04_01_01_02,23,4,sad,0.747593,0.016614,0.006454,0.229339
23_04_01_02_01,23,4,sad,0.872572,0.036423,0.001116,0.089889
23_04_01_02_02,23,4,sad,0.881392,0.029209,0.001907,0.087492
23_04_02_01_01,23,4,sad,0.864756,0.005351,0.006253,0.12364
23_04_02_01_02,23,4,sad,0.922765,0.006816,0.001596,0.068822
23_04_02_02_01,23,4,sad,0.965704,0.009391,0.002399,0.022506
23_04_02_02_02,23,4,sad,0.851318,0.00221,0.070186,0.076286
23_05_01_01_01,23,5,angry,0.019568,0.977888,2.6e-05,0.002519
23_05_01_01_02,23,5,angry,0.030926,0.965381,1.1e-05,0.003683
23_05_01_02_01,23,5,angry,0.061193,0.935631,9e-06,0.003166
23_05_01_02_02,23,5,angry,0.081857,0.912832,1.7e-05,0.005294
23_05_02_01_01,23,5,angry,0.003157,0.996805,0.0,3.7e-05
23_05_02_01_02,23,5,angry,0.003711,0.996217,1e-06,7.2e-05
23_05_02_02_01,23,5,angry,0.00992,0.990007,0.0,7.3e-05
23_05_02_02_02,23,5,angry,0.002855,0.997131,1e-06,1.4e-05
23_06_01_01_01,23,6,neutral,0.455542,0.375299,0.003614,0.165546
23_06_01_01_02,23,6,neutral,0.512351,0.196125,0.00146,0.290064
23_06_01_02_01,23,6,neutral,0.778901,0.099395,0.000971,0.120733
23_06_01_02_02,23,6,neutral,0.55976,0.310827,0.001555,0.127859
23_06_02_01_01,23,6,neutral,0.839883,0.090716,0.001166,0.068235
23_06_02_01_02,23,6,neutral,0.522136,0.445886,0.000721,0.031257
23_06_02_02_01,23,6,neutral,0.852381,0.13418,0.001489,0.01195
23_06_02_02_02,23,6,neutral,0.680912,0.290154,0.006172,0.022762
23_07_01_01_01,23,7,neutral,0.887134,0.077763,0.00598,0.029124
23_07_01_01_02,23,7,neutral,0.684749,0.191222,0.004127,0.119902
23_07_01_02_01,23,7,neutral,0.920299,0.05961,0.003145,0.016946
23_07_01_02_02,23,7,neutral,0.866382,0.052886,0.010687,0.070044
23_07_02_01_01,23,7,neutral,0.561045,0.423443,0.001082,0.01443
23_07_02_01_02,23,7,neutral,0.773632,0.211802,0.002674,0.011892
23_07_02_02_01,23,7,neutral,0.697693,0.290858,0.001236,0.010213
23_07_02_02_02,23,7,neutral,0.801899,0.180501,0.001833,0.015768
23_08_01_01_01,23,8,neutral,0.320937,0.663258,3e-05,0.015775
23_08_01_01_02,23,8,neutral,0.446015,0.527487,3.2e-05,0.026466
23_08_01_02_01,23,8,neutral,0.526459,0.462228,5.6e-05,0.011257
23_08_01_02_02,23,8,neutral,0.104182,0.889163,1.1e-05,0.006645
23_08_02_01_01,23,8,neutral,0.066539,0.925989,6e-06,0.007466
23_08_02_01_02,23,8,neutral,0.043955,0.953839,1.2e-05,0.002194
23_08_02_02_01,23,8,neutral,0.210273,0.783108,4.3e-05,0.006576
23_08_02_02_02,23,8,neutral,0.259329,0.734573,2.7e-05,0.006072
24_01_01_01_01,24,1,neutral,0.355668,0.238485,0.002362,0.403485
24_01_01_01_02,24,1,neutral,0.465626,0.204732,0.001138,0.328504
24_01_01_02_01,24,1,neutral,0.31527,0.191386,0.004596,0.488748
24_01_01_02_02,24,1,neutral,0.332476,0.241638,0.001999,0.423886
24_02_01_01_01,24,2,neutral,0.494489,0.03554,0.00688,0.46309
24_02_01_01_02,24,2,neutral,0.521778,0.129287,0.008496,0.340439
24_02_01_02_01,24,2,neutral,0.470926,0.020336,0.079563,0.429176
24_02_01_02_02,24,2,neutral,0.546101,0.043524,0.019801,0.390575
24_02_02_01_01,24,2,neutral,0.557571,0.185279,0.006447,0.250703
24_02_02_01_02,24,2,neutral,0.548052,0.034852,0.026476,0.39062
24_02_02_02_01,24,2,neutral,0.350639,0.023331,0.036244,0.589786
24_02_02_02_02,24,2,neutral,0.929375,0.008726,0.015036,0.046863
24_03_01_01_01,24,3,happy,0.437826,0.460535,0.000938,0.100701
24_03_01_01_02,24,3,happy,0.691217,0.12476,0.002319,0.181704
24_03_01_02_01,24,3,happy,0.323779,0.413291,0.000962,0.261969
24_03_01_02_02,24,3,happy,0.697081,0.21262,0.001144,0.089155
24_03_02_01_01,24,3,happy,0.192716,0.801211,0.00043,0.005643
24_03_02_01_02,24,3,happy,0.344075,0.646674,0.000255,0.008995
24_03_02_02_01,24,3,happy,0.401598,0.586978,0.001089,0.010335
24_03_02_02_02,24,3,happy,0.09116,0.907147,0.000287,0.001407
24_04_01_01_01,24,4,sad,0.478677,0.012273,0.011377,0.497673
24_04_01_01_02,24,4,sad,0.355749,0.039554,0.028741,0.575956
24_04_01_02_01,24,4,sad,0.689279,0.00629,0.016239,0.288192
24_04_01_02_02,24,4,sad,0.289014,0.01625,0.046951,0.647785
24_04_02_01_01,24,4,sad,0.975053,0.008235,0.012457,0.004255
24_04_02_01_02,24,4,sad,0.710266,0.26201,0.009586,0.018138
24_04_02_02_01,24,4,sad,0.985887,0.002175,0.009814,0.002124
24_04_02_02_02,24,4,sad,0.779198,0.052164,0.062269,0.106369
24_05_01_01_01,24,5,angry,0.002555,0.99686,1e-05,0.000575
24_05_01_01_02,24,5,angry,0.012673,0.985921,4.5e-05,0.001362
24_05_01_02_01,24,5,angry,0.140706,0.832225,0.00044,0.02663
24_05_01_02_02,24,5,angry,0.116657,0.836702,0.001152,0.04549
24_05_02_01_01,24,5,angry,0.005658,0.994182,1.3e-05,0.000146
24_05_02_01_02,24,5,angry,0.000727,0.999123,8e-06,0.000142
24_05_02_02_01,24,5,angry,0.018458,0.976604,4.2e-05,0.004896
24_05_02_02_02,24,5,angry,0.004017,0.994091,3e-05,0.001861
24_06_01_01_01,24,6,neutral,0.682569,0.20796,0.092689,0.016782
24_06_01_01_02,24,6,neutral,0.907087,0.075675,0.010714,0.006524
24_06_01_02_01,24,6,neutral,0.930984,0.019422,0.047267,0.002327
24_06_01_02_02,24,6,neutral,0.58733,0.400142,0.00946,0.003069
24_06_02_01_01,24,6,neutral,0.336536,0.656351,0.000491,0.006622
24_06_02_01_02,24,6,neutral,0.639587,0.332329,0.012619,0.015465
24_06_02_02_01,24,6,neutral,0.867575,0.121232,0.004384,0.006809
24_06_02_02_02,24,6,neutral,0.212434,0.78139,0.00119,0.004986
24_07_01_01_01,24,7,neutral,0.411638,0.507491,0.002976,0.077895
24_07_01_01_02,24,7,neutral,0.232566,0.620983,0.001851,0.1446
24_07_01_02_01,24,7,neutral,0.945022,0.02416,0.004772,0.026046
24_07_01_02_02,24,7,neutral,0.73023,0.193446,0.00585,0.070474
24_07_02_01_01,24,7,neutral,0.728335,0.170881,0.004879,0.095904
24_07_02_01_02,24,7,neutral,0.884134,0.075442,0.023907,0.016517
24_07_02_02_01,24,7,neutral,0.590157,0.37916,0.007865,0.022818
24_07_02_02_02,24,7,neutral,0.521692,0.411539,0.0306,0.036168
24_08_01_01_01,24,8,neutral,0.2005,0.764818,0.001743,0.032939
24_08_01_01_02,24,8,neutral,0.32384,0.666159,0.000373,0.009628
24_08_01_02_01,24,8,neutral,0.095085,0.872023,0.000343,0.032549
24_08_01_02_02,24,8,neutral,0.215319,0.655111,0.000862,0.128708
24_08_02_01_01,24,8,neutral,0.076897,0.91954,0.000159,0.003404
24_08_02_01_02,24,8,neutral,0.254624,0.742491,8.9e-05,0.002796
24_08_02_02_01,24,8,neutral,0.834072,0.139537,0.023662,0.00273
24_08_02_02_02,24,8,neutral,0.363118,0.631034,0.001341,0.004507
